Ù.Ø.Ø..Ø.Ù.Ø¹Ù.Ø.,Ø.Ù.Ø.Ø.Ù.Ø.,Ø.Ù.Ø.Ù.Ø.Ø.,Ø.Ù.Ù.Ø.Ù.Ù.Ø¹,X,Laghouat...3.,X.1,X.2,page,Groupe,Group,Tizi.Ouzou..15.,Skikda,X.21.,Mostaganem.27.,Illizi,X.33.,El.Oued...39.,Naama...45.
Groupe dâ€™Ã¢ge,Masculin,FÃ©minin,Total,NA,NA,NA,NA,1,NA,NA,NA,NA,NA,NA,NA,NA,NA,NA
0-4 Ans,24567,23287,47854,NA,NA,NA,NA,1,NA,NA,NA,NA,NA,NA,NA,NA,NA,NA
5-9 ans,22351,21253,43604,NA,NA,NA,NA,1,NA,NA,NA,NA,NA,NA,NA,NA,NA,NA
10-14 ans,23108,22451,45559,NA,NA,NA,NA,1,NA,NA,NA,NA,NA,NA,NA,NA,NA,NA
15-19 ans,24561,23200,47761,NA,NA,NA,NA,1,NA,NA,NA,NA,NA,NA,NA,NA,NA,NA
20-24 ans,23822,23175,46997,NA,NA,NA,NA,1,NA,NA,NA,NA,NA,NA,NA,NA,NA,NA
25-29 ans,20097,19642,39739,NA,NA,NA,NA,1,NA,NA,NA,NA,NA,NA,NA,NA,NA,NA
30-34 ans,12303,12401,24704,NA,NA,NA,NA,1,NA,NA,NA,NA,NA,NA,NA,NA,NA,NA
35-39 ans,10824,10921,21746,NA,NA,NA,NA,1,NA,NA,NA,NA,NA,NA,NA,NA,NA,NA
40-44 ans,9989,9616,19605,NA,NA,NA,NA,1,NA,NA,NA,NA,NA,NA,NA,NA,NA,NA
45-49 ans,8868,8565,17432,NA,NA,NA,NA,1,NA,NA,NA,NA,NA,NA,NA,NA,NA,NA
50-54ans,5912,5533,11445,NA,NA,NA,NA,1,NA,NA,NA,NA,NA,NA,NA,NA,NA,NA
55-59 ans,4649,4744,9393,NA,NA,NA,NA,1,NA,NA,NA,NA,NA,NA,NA,NA,NA,NA
60-64 ans,3677,3239,6916,NA,NA,NA,NA,1,NA,NA,NA,NA,NA,NA,NA,NA,NA,NA
65-69 ans,3456,3001,6457,NA,NA,NA,NA,1,NA,NA,NA,NA,NA,NA,NA,NA,NA,NA
70-74 ans,2232,1879,4110,NA,NA,NA,NA,1,NA,NA,NA,NA,NA,NA,NA,NA,NA,NA
75-79 ans,1842,1628,3469,NA,NA,NA,NA,1,NA,NA,NA,NA,NA,NA,NA,NA,NA,NA
80-84 ans,908,664,1571,NA,NA,NA,NA,1,NA,NA,NA,NA,NA,NA,NA,NA,NA,NA
85 ans &  +,640,639,1279,NA,NA,NA,NA,1,NA,NA,NA,NA,NA,NA,NA,NA,NA,NA
ND,31,39,70,NA,NA,NA,NA,1,NA,NA,NA,NA,NA,NA,NA,NA,NA,NA
Total,203836,195878,399714,NA,NA,NA,NA,1,NA,NA,NA,NA,NA,NA,NA,NA,NA,NA
NA,NA,NA,NA,ÙØ¦Ø© Ø§Ù„Ø¹Ù…Ø±,Ø§Ù„Ø¥Ù†Ø§Ø« Ø§Ù„Ø°Ø¢ÙˆØ±,Ø§Ù„Ù…Ø¬Ù…ÙˆØ¹,NA,1,NA,NA,NA,NA,NA,NA,NA,NA,NA,NA
NA,NA,NA,NA,Groupe,,,NA,1,NA,NA,NA,NA,NA,NA,NA,NA,NA,NA
NA,NA,NA,NA,dâ€™Ã¢ge,Masculin FÃ©minin,Total,NA,1,NA,NA,NA,NA,NA,NA,NA,NA,NA,NA
NA,NA,NA,NA,0-4 Ans,28569 26104,54673,NA,1,NA,NA,NA,NA,NA,NA,NA,NA,NA,NA
NA,NA,NA,NA,5-9 ans,25226 24015,49241,NA,1,NA,NA,NA,NA,NA,NA,NA,NA,NA,NA
NA,NA,NA,NA,10-14 ans,25001 23988,48989,NA,1,NA,NA,NA,NA,NA,NA,NA,NA,NA,NA
NA,NA,NA,NA,15-19 ans,25447 24725,50172,NA,1,NA,NA,NA,NA,NA,NA,NA,NA,NA,NA
NA,NA,NA,NA,20-24 ans,23878 24001,47879,NA,1,NA,NA,NA,NA,NA,NA,NA,NA,NA,NA
NA,NA,NA,NA,25-29 ans,21567 21949,43516,NA,1,NA,NA,NA,NA,NA,NA,NA,NA,NA,NA
NA,NA,NA,NA,30-34 ans,16877 16633,33510,NA,1,NA,NA,NA,NA,NA,NA,NA,NA,NA,NA
NA,NA,NA,NA,35-39 ans,15065 14633,29698,NA,1,NA,NA,NA,NA,NA,NA,NA,NA,NA,NA
NA,NA,NA,NA,40-44 ans,12027 12038,24065,NA,1,NA,NA,NA,NA,NA,NA,NA,NA,NA,NA
NA,NA,NA,NA,45-49 ans,10253 9798,20051,NA,1,NA,NA,NA,NA,NA,NA,NA,NA,NA,NA
NA,NA,NA,NA,50-54ans,7917 7095,15012,NA,1,NA,NA,NA,NA,NA,NA,NA,NA,NA,NA
NA,NA,NA,NA,55-59 ans,5912 5369,11281,NA,1,NA,NA,NA,NA,NA,NA,NA,NA,NA,NA
NA,NA,NA,NA,60-64 ans,3522 3190,6712,NA,1,NA,NA,NA,NA,NA,NA,NA,NA,NA,NA
NA,NA,NA,NA,65-69 ans,4000 3415,7415,NA,1,NA,NA,NA,NA,NA,NA,NA,NA,NA,NA
NA,NA,NA,NA,70-74 ans,2927 2567,5494,NA,1,NA,NA,NA,NA,NA,NA,NA,NA,NA,NA
NA,NA,NA,NA,75-79 ans,2065 1653,3718,NA,1,NA,NA,NA,NA,NA,NA,NA,NA,NA,NA
NA,NA,NA,NA,80-84 ans,1121 832,1953,NA,1,NA,NA,NA,NA,NA,NA,NA,NA,NA,NA
NA,NA,NA,NA,85 ans &  +,826 700,1526,NA,1,NA,NA,NA,NA,NA,NA,NA,NA,NA,NA
NA,NA,NA,NA,ND,317 380,697,NA,1,NA,NA,NA,NA,NA,NA,NA,NA,NA,NA
NA,NA,NA,NA,Total,232517 223085,455602,NA,1,NA,NA,NA,NA,NA,NA,NA,NA,NA,NA
,NA,NA,NA,Ø§Ù„Ø°Ø¢ÙˆØ±,NA,Ø§Ù„Ø¥Ù†Ø§Ø«,Ø§Ù„Ù…Ø¬Ù…ÙˆØ¹,1,NA,NA,NA,NA,NA,NA,NA,NA,NA,NA
Groupe,NA,NA,NA,,NA,,,1,NA,NA,NA,NA,NA,NA,NA,NA,NA,NA
,NA,NA,NA,Masculin,NA,FÃ©minin,Total,1,NA,NA,NA,NA,NA,NA,NA,NA,NA,NA
dâ€™Ã¢ge,NA,NA,NA,,NA,,,1,NA,NA,NA,NA,NA,NA,NA,NA,NA,NA
0-4 Ans,NA,NA,NA,58167,NA,55186,113353,1,NA,NA,NA,NA,NA,NA,NA,NA,NA,NA
5-9 ans,NA,NA,NA,50408,NA,48360,98769,1,NA,NA,NA,NA,NA,NA,NA,NA,NA,NA
10-14 ans,NA,NA,NA,59172,NA,56649,115821,1,NA,NA,NA,NA,NA,NA,NA,NA,NA,NA
15-19 ans,NA,NA,NA,67342,NA,64755,132096,1,NA,NA,NA,NA,NA,NA,NA,NA,NA,NA
20-24 ans,NA,NA,NA,65472,NA,63675,129147,1,NA,NA,NA,NA,NA,NA,NA,NA,NA,NA
25-29 ans,NA,NA,NA,54737,NA,52617,107355,1,NA,NA,NA,NA,NA,NA,NA,NA,NA,NA
30-34 ans,NA,NA,NA,42250,NA,42152,84402,1,NA,NA,NA,NA,NA,NA,NA,NA,NA,NA
35-39 ans,NA,NA,NA,33894,NA,34888,68782,1,NA,NA,NA,NA,NA,NA,NA,NA,NA,NA
40-44 ans,NA,NA,NA,29959,NA,31178,61137,1,NA,NA,NA,NA,NA,NA,NA,NA,NA,NA
45-49 ans,NA,NA,NA,26470,NA,27691,54161,1,NA,NA,NA,NA,NA,NA,NA,NA,NA,NA
50-54ans,NA,NA,NA,21325,NA,21541,42866,1,NA,NA,NA,NA,NA,NA,NA,NA,NA,NA
55-59 ans,NA,NA,NA,17177,NA,16218,33394,1,NA,NA,NA,NA,NA,NA,NA,NA,NA,NA
60-64 ans,NA,NA,NA,10363,NA,10516,20880,1,NA,NA,NA,NA,NA,NA,NA,NA,NA,NA
65-69 ans,NA,NA,NA,9367,NA,9603,18970,1,NA,NA,NA,NA,NA,NA,NA,NA,NA,NA
70-74 ans,NA,NA,NA,7691,NA,8014,15705,1,NA,NA,NA,NA,NA,NA,NA,NA,NA,NA
75-79 ans,NA,NA,NA,5853,NA,5734,11586,1,NA,NA,NA,NA,NA,NA,NA,NA,NA,NA
80-84 ans,NA,NA,NA,3427,NA,3138,6566,1,NA,NA,NA,NA,NA,NA,NA,NA,NA,NA
85 ans &  +,NA,NA,NA,2059,NA,2215,4275,1,NA,NA,NA,NA,NA,NA,NA,NA,NA,NA
ND,NA,NA,NA,186,NA,340,526,1,NA,NA,NA,NA,NA,NA,NA,NA,NA,NA
Total,NA,NA,NA,565320,NA,554472,1119791,1,NA,NA,NA,NA,NA,NA,NA,NA,NA,NA
NA,,,,Groupe,NA,NA,NA,1,NA,NA,NA,NA,NA,NA,NA,NA,NA,NA
NA,Masculin,FÃ©minin,Total,dâ€™Ã¢ge,NA,NA,NA,1,NA,NA,NA,NA,NA,NA,NA,NA,NA,NA
NA,51186,48293,99479,0-4 Ans,NA,NA,NA,1,NA,NA,NA,NA,NA,NA,NA,NA,NA,NA
NA,44003,42433,86436,5-9 ans,NA,NA,NA,1,NA,NA,NA,NA,NA,NA,NA,NA,NA,NA
NA,50874,48970,99844,10-14 ans,NA,NA,NA,1,NA,NA,NA,NA,NA,NA,NA,NA,NA,NA
NA,59479,58386,117865,15-19 ans,NA,NA,NA,1,NA,NA,NA,NA,NA,NA,NA,NA,NA,NA
NA,61818,62127,123946,20-24 ans,NA,NA,NA,1,NA,NA,NA,NA,NA,NA,NA,NA,NA,NA
NA,52340,52219,104559,25-29 ans,NA,NA,NA,1,NA,NA,NA,NA,NA,NA,NA,NA,NA,NA
NA,38521,39784,78305,30-34 ans,NA,NA,NA,1,NA,NA,NA,NA,NA,NA,NA,NA,NA,NA
NA,30427,31995,62423,35-39 ans,NA,NA,NA,1,NA,NA,NA,NA,NA,NA,NA,NA,NA,NA
NA,25750,27359,53109,40-44 ans,NA,NA,NA,1,NA,NA,NA,NA,NA,NA,NA,NA,NA,NA
NA,21116,22106,43222,45-49 ans,NA,NA,NA,1,NA,NA,NA,NA,NA,NA,NA,NA,NA,NA
NA,18239,18459,36698,50-54ans,NA,NA,NA,1,NA,NA,NA,NA,NA,NA,NA,NA,NA,NA
NA,15139,14382,29521,55-59 ans,NA,NA,NA,1,NA,NA,NA,NA,NA,NA,NA,NA,NA,NA
NA,9338,8919,18257,60-64 ans,NA,NA,NA,1,NA,NA,NA,NA,NA,NA,NA,NA,NA,NA
NA,7979,7933,15912,65-69 ans,NA,NA,NA,1,NA,NA,NA,NA,NA,NA,NA,NA,NA,NA
NA,7103,6913,14016,70-74 ans,NA,NA,NA,1,NA,NA,NA,NA,NA,NA,NA,NA,NA,NA
NA,4913,4746,9658,75-79 ans,NA,NA,NA,1,NA,NA,NA,NA,NA,NA,NA,NA,NA,NA
NA,2324,2201,4525,80-84 ans,NA,NA,NA,1,NA,NA,NA,NA,NA,NA,NA,NA,NA,NA
NA,1360,1547,2907,85 ans &  +,NA,NA,NA,1,NA,NA,NA,NA,NA,NA,NA,NA,NA,NA
NA,560,846,1406,ND,NA,NA,NA,1,NA,NA,NA,NA,NA,NA,NA,NA,NA,NA
NA,502470,499618,1002088,Total,NA,NA,NA,1,NA,NA,NA,NA,NA,NA,NA,NA,NA,NA
NA,,,,Groupe,NA,NA,NA,1,NA,NA,NA,NA,NA,NA,NA,NA,NA,NA
NA,Masculin,FÃ©minin,Total,dâ€™Ã¢ge,NA,NA,NA,1,NA,NA,NA,NA,NA,NA,NA,NA,NA,NA
NA,33069,31101,64171,0-4 Ans,NA,NA,NA,1,NA,NA,NA,NA,NA,NA,NA,NA,NA,NA
NA,26681,25430,52111,5-9 ans,NA,NA,NA,1,NA,NA,NA,NA,NA,NA,NA,NA,NA,NA
NA,31979,30121,62099,10-14 ans,NA,NA,NA,1,NA,NA,NA,NA,NA,NA,NA,NA,NA,NA
NA,36435,35309,71744,15-19 ans,NA,NA,NA,1,NA,NA,NA,NA,NA,NA,NA,NA,NA,NA
NA,36329,35941,72270,20-24 ans,NA,NA,NA,1,NA,NA,NA,NA,NA,NA,NA,NA,NA,NA
NA,30981,30762,61743,25-29 ans,NA,NA,NA,1,NA,NA,NA,NA,NA,NA,NA,NA,NA,NA
NA,23473,23154,46627,30-34 ans,NA,NA,NA,1,NA,NA,NA,NA,NA,NA,NA,NA,NA,NA
NA,18726,18680,37405,35-39 ans,NA,NA,NA,1,NA,NA,NA,NA,NA,NA,NA,NA,NA,NA
NA,17070,17610,34681,40-44 ans,NA,NA,NA,1,NA,NA,NA,NA,NA,NA,NA,NA,NA,NA
NA,16078,16384,32462,45-49 ans,NA,NA,NA,1,NA,NA,NA,NA,NA,NA,NA,NA,NA,NA
NA,12705,12800,25505,50-54ans,NA,NA,NA,1,NA,NA,NA,NA,NA,NA,NA,NA,NA,NA
NA,9634,9305,18939,55-59 ans,NA,NA,NA,1,NA,NA,NA,NA,NA,NA,NA,NA,NA,NA
NA,5417,5810,11227,60-64 ans,NA,NA,NA,1,NA,NA,NA,NA,NA,NA,NA,NA,NA,NA
NA,5171,5323,10494,65-69 ans,NA,NA,NA,1,NA,NA,NA,NA,NA,NA,NA,NA,NA,NA
NA,4305,4030,8335,70-74 ans,NA,NA,NA,1,NA,NA,NA,NA,NA,NA,NA,NA,NA,NA
NA,3253,2905,6158,75-79 ans,NA,NA,NA,1,NA,NA,NA,NA,NA,NA,NA,NA,NA,NA
NA,1631,1578,3210,80-84 ans,NA,NA,NA,1,NA,NA,NA,NA,NA,NA,NA,NA,NA,NA
NA,942,984,1926,85 ans &  +,NA,NA,NA,1,NA,NA,NA,NA,NA,NA,NA,NA,NA,NA
NA,204,301,505,ND,NA,NA,NA,1,NA,NA,NA,NA,NA,NA,NA,NA,NA,NA
NA,314084,307527,621612,Total,NA,NA,NA,1,NA,NA,NA,NA,NA,NA,NA,NA,NA,NA
,NA,NA,NA,Ø§Ù„Ø°Ø¢ÙˆØ±,NA,Ø§Ù„Ø¥Ù†Ø§Ø«,Ø§Ù„Ù…Ø¬Ù…ÙˆØ¹,1,NA,NA,NA,NA,NA,NA,NA,NA,NA,NA
Groupe,NA,NA,NA,,NA,,,1,NA,NA,NA,NA,NA,NA,NA,NA,NA,NA
,NA,NA,NA,Masculin,NA,FÃ©minin,Total,1,NA,NA,NA,NA,NA,NA,NA,NA,NA,NA
dâ€™Ã¢ge,NA,NA,NA,,NA,,,1,NA,NA,NA,NA,NA,NA,NA,NA,NA,NA
0-4 Ans,NA,NA,NA,34047,NA,32328,66376,1,NA,NA,NA,NA,NA,NA,NA,NA,NA,NA
5-9 ans,NA,NA,NA,31581,NA,29900,61481,1,NA,NA,NA,NA,NA,NA,NA,NA,NA,NA
0-14 ans,NA,NA,NA,39479,NA,37771,77250,1,NA,NA,NA,NA,NA,NA,NA,NA,NA,NA
5-19 ans,NA,NA,NA,49044,NA,47420,96463,1,NA,NA,NA,NA,NA,NA,NA,NA,NA,NA
0-24 ans,NA,NA,NA,57216,NA,53978,111193,1,NA,NA,NA,NA,NA,NA,NA,NA,NA,NA
5-29 ans,NA,NA,NA,52309,NA,47989,100299,1,NA,NA,NA,NA,NA,NA,NA,NA,NA,NA
0-34 ans,NA,NA,NA,41986,NA,38785,80771,1,NA,NA,NA,NA,NA,NA,NA,NA,NA,NA
5-39 ans,NA,NA,NA,34167,NA,32463,66630,1,NA,NA,NA,NA,NA,NA,NA,NA,NA,NA
0-44 ans,NA,NA,NA,28305,NA,27392,55697,1,NA,NA,NA,NA,NA,NA,NA,NA,NA,NA
5-49 ans,NA,NA,NA,22536,NA,21418,43954,1,NA,NA,NA,NA,NA,NA,NA,NA,NA,NA
50-54ans,NA,NA,NA,19639,NA,18568,38206,1,NA,NA,NA,NA,NA,NA,NA,NA,NA,NA
5-59 ans,NA,NA,NA,17338,NA,16182,33520,1,NA,NA,NA,NA,NA,NA,NA,NA,NA,NA
0-64 ans,NA,NA,NA,9911,NA,10546,20457,1,NA,NA,NA,NA,NA,NA,NA,NA,NA,NA
5-69 ans,NA,NA,NA,8602,NA,9725,18327,1,NA,NA,NA,NA,NA,NA,NA,NA,NA,NA
0-74 ans,NA,NA,NA,7295,NA,8664,15959,1,NA,NA,NA,NA,NA,NA,NA,NA,NA,NA
5-79 ans,NA,NA,NA,5831,NA,6731,12562,1,NA,NA,NA,NA,NA,NA,NA,NA,NA,NA
0-84 ans,NA,NA,NA,3372,NA,3633,7005,1,NA,NA,NA,NA,NA,NA,NA,NA,NA,NA
ans &  +,NA,NA,NA,2269,NA,2586,4856,1,NA,NA,NA,NA,NA,NA,NA,NA,NA,NA
ND,NA,NA,NA,684,NA,886,1570,1,NA,NA,NA,NA,NA,NA,NA,NA,NA,NA
Total,NA,NA,NA,465612,NA,446965,912577,1,NA,NA,NA,NA,NA,NA,NA,NA,NA,NA
NA,,,,Groupe,NA,NA,NA,2,NA,NA,NA,NA,NA,NA,NA,NA,NA,NA
NA,Masculin,FÃ©minin,Total,,NA,NA,NA,2,NA,NA,NA,NA,NA,NA,NA,NA,NA,NA
NA,,,,dâ€™Ã¢ge,NA,NA,NA,2,NA,NA,NA,NA,NA,NA,NA,NA,NA,NA
NA,42031,39153,81184,0-4 Ans,NA,NA,NA,2,NA,NA,NA,NA,NA,NA,NA,NA,NA,NA
NA,37527,35585,73112,5-9 ans,NA,NA,NA,2,NA,NA,NA,NA,NA,NA,NA,NA,NA,NA
NA,41516,39940,81456,10-14 ans,NA,NA,NA,2,NA,NA,NA,NA,NA,NA,NA,NA,NA,NA
NA,42980,40846,83825,15-19 ans,NA,NA,NA,2,NA,NA,NA,NA,NA,NA,NA,NA,NA,NA
NA,39897,39787,79684,20-24 ans,NA,NA,NA,2,NA,NA,NA,NA,NA,NA,NA,NA,NA,NA
NA,34082,33602,67684,25-29 ans,NA,NA,NA,2,NA,NA,NA,NA,NA,NA,NA,NA,NA,NA
NA,25617,25829,51446,30-34 ans,NA,NA,NA,2,NA,NA,NA,NA,NA,NA,NA,NA,NA,NA
NA,22046,22705,44750,35-39 ans,NA,NA,NA,2,NA,NA,NA,NA,NA,NA,NA,NA,NA,NA
NA,18823,18974,37797,40-44 ans,NA,NA,NA,2,NA,NA,NA,NA,NA,NA,NA,NA,NA,NA
NA,15767,16049,31817,45-49 ans,NA,NA,NA,2,NA,NA,NA,NA,NA,NA,NA,NA,NA,NA
NA,12734,12680,25414,50-54ans,NA,NA,NA,2,NA,NA,NA,NA,NA,NA,NA,NA,NA,NA
NA,9316,8736,18052,55-59 ans,NA,NA,NA,2,NA,NA,NA,NA,NA,NA,NA,NA,NA,NA
NA,5735,5817,11552,60-64 ans,NA,NA,NA,2,NA,NA,NA,NA,NA,NA,NA,NA,NA,NA
NA,5354,5387,10741,65-69 ans,NA,NA,NA,2,NA,NA,NA,NA,NA,NA,NA,NA,NA,NA
NA,4523,4575,9098,70-74 ans,NA,NA,NA,2,NA,NA,NA,NA,NA,NA,NA,NA,NA,NA
NA,3862,3600,7462,75-79 ans,NA,NA,NA,2,NA,NA,NA,NA,NA,NA,NA,NA,NA,NA
NA,1785,1627,3412,80-84 ans,NA,NA,NA,2,NA,NA,NA,NA,NA,NA,NA,NA,NA,NA
NA,1330,1235,2565,85 ans &  +,NA,NA,NA,2,NA,NA,NA,NA,NA,NA,NA,NA,NA,NA
NA,115,189,304,ND,NA,NA,NA,2,NA,NA,NA,NA,NA,NA,NA,NA,NA,NA
NA,365040,356317,721356,Total,NA,NA,NA,2,NA,NA,NA,NA,NA,NA,NA,NA,NA,NA
,NA,NA,NA,Ø§Ù„Ø°Ø¢ÙˆØ±,NA,Ø§Ù„Ø¥Ù†Ø§Ø«,Ø§Ù„Ù…Ø¬Ù…ÙˆØ¹,2,NA,NA,NA,NA,NA,NA,NA,NA,NA,NA
Groupe,NA,NA,NA,,NA,,,2,NA,NA,NA,NA,NA,NA,NA,NA,NA,NA
,NA,NA,NA,Masculin,NA,FÃ©minin,Total,2,NA,NA,NA,NA,NA,NA,NA,NA,NA,NA
dâ€™Ã¢ge,NA,NA,NA,,NA,,,2,NA,NA,NA,NA,NA,NA,NA,NA,NA,NA
0-4 Ans,NA,NA,NA,52988,NA,50716,103705,2,NA,NA,NA,NA,NA,NA,NA,NA,NA,NA
5-9 ans,NA,NA,NA,42504,NA,40825,83330,2,NA,NA,NA,NA,NA,NA,NA,NA,NA,NA
10-14 ans,NA,NA,NA,46841,NA,44706,91548,2,NA,NA,NA,NA,NA,NA,NA,NA,NA,NA
15-19 ans,NA,NA,NA,51709,NA,49548,101257,2,NA,NA,NA,NA,NA,NA,NA,NA,NA,NA
20-24 ans,NA,NA,NA,52612,NA,51698,104309,2,NA,NA,NA,NA,NA,NA,NA,NA,NA,NA
25-29 ans,NA,NA,NA,49433,NA,48580,98013,2,NA,NA,NA,NA,NA,NA,NA,NA,NA,NA
30-34 ans,NA,NA,NA,41389,NA,40816,82205,2,NA,NA,NA,NA,NA,NA,NA,NA,NA,NA
35-39 ans,NA,NA,NA,37962,NA,37941,75903,2,NA,NA,NA,NA,NA,NA,NA,NA,NA,NA
40-44 ans,NA,NA,NA,32787,NA,32295,65082,2,NA,NA,NA,NA,NA,NA,NA,NA,NA,NA
45-49 ans,NA,NA,NA,25131,NA,24311,49442,2,NA,NA,NA,NA,NA,NA,NA,NA,NA,NA
50-54ans,NA,NA,NA,21887,NA,20317,42204,2,NA,NA,NA,NA,NA,NA,NA,NA,NA,NA
55-59 ans,NA,NA,NA,17058,NA,15315,32372,2,NA,NA,NA,NA,NA,NA,NA,NA,NA,NA
60-64 ans,NA,NA,NA,11950,NA,11055,23004,2,NA,NA,NA,NA,NA,NA,NA,NA,NA,NA
65-69 ans,NA,NA,NA,9422,NA,8938,18359,2,NA,NA,NA,NA,NA,NA,NA,NA,NA,NA
70-74 ans,NA,NA,NA,6885,NA,7059,13944,2,NA,NA,NA,NA,NA,NA,NA,NA,NA,NA
75-79 ans,NA,NA,NA,4727,NA,4767,9494,2,NA,NA,NA,NA,NA,NA,NA,NA,NA,NA
80-84 ans,NA,NA,NA,2298,NA,2232,4530,2,NA,NA,NA,NA,NA,NA,NA,NA,NA,NA
85 ans &  +,NA,NA,NA,1414,NA,1509,2923,2,NA,NA,NA,NA,NA,NA,NA,NA,NA,NA
ND,NA,NA,NA,607,NA,707,1314,2,NA,NA,NA,NA,NA,NA,NA,NA,NA,NA
Total,NA,NA,NA,509602,NA,493335,1002937,2,NA,NA,NA,NA,NA,NA,NA,NA,NA,NA
,NA,NA,NA,Ø§Ù„Ø°Ø¢ÙˆØ±,NA,Ø§Ù„Ø¥Ù†Ø§Ø«,Ø§Ù„Ù…Ø¬Ù…ÙˆØ¹,2,NA,NA,NA,NA,NA,NA,NA,NA,NA,NA
Groupe,NA,NA,NA,,NA,,,2,NA,NA,NA,NA,NA,NA,NA,NA,NA,NA
,NA,NA,NA,Masculin,NA,FÃ©minin,Total,2,NA,NA,NA,NA,NA,NA,NA,NA,NA,NA
dâ€™Ã¢ge,NA,NA,NA,,NA,,,2,NA,NA,NA,NA,NA,NA,NA,NA,NA,NA
0-4 Ans,NA,NA,NA,12814,NA,12127,24942,2,NA,NA,NA,NA,NA,NA,NA,NA,NA,NA
5-9 ans,NA,NA,NA,10712,NA,10263,20974,2,NA,NA,NA,NA,NA,NA,NA,NA,NA,NA
10-14 ans,NA,NA,NA,10262,NA,9712,19974,2,NA,NA,NA,NA,NA,NA,NA,NA,NA,NA
15-19 ans,NA,NA,NA,10212,NA,9897,20109,2,NA,NA,NA,NA,NA,NA,NA,NA,NA,NA
20-24 ans,NA,NA,NA,9082,NA,9292,18373,2,NA,NA,NA,NA,NA,NA,NA,NA,NA,NA
25-29 ans,NA,NA,NA,8424,NA,8122,16546,2,NA,NA,NA,NA,NA,NA,NA,NA,NA,NA
30-34 ans,NA,NA,NA,5833,NA,5676,11509,2,NA,NA,NA,NA,NA,NA,NA,NA,NA,NA
35-39 ans,NA,NA,NA,5460,NA,5189,10650,2,NA,NA,NA,NA,NA,NA,NA,NA,NA,NA
40-44 ans,NA,NA,NA,4702,NA,4307,9010,2,NA,NA,NA,NA,NA,NA,NA,NA,NA,NA
45-49 ans,NA,NA,NA,4054,NA,3505,7559,2,NA,NA,NA,NA,NA,NA,NA,NA,NA,NA
50-54ans,NA,NA,NA,2564,NA,2023,4587,2,NA,NA,NA,NA,NA,NA,NA,NA,NA,NA
55-59 ans,NA,NA,NA,2032,NA,1747,3779,2,NA,NA,NA,NA,NA,NA,NA,NA,NA,NA
60-64 ans,NA,NA,NA,1450,NA,1087,2537,2,NA,NA,NA,NA,NA,NA,NA,NA,NA,NA
65-69 ans,NA,NA,NA,1249,NA,1081,2330,2,NA,NA,NA,NA,NA,NA,NA,NA,NA,NA
70-74 ans,NA,NA,NA,730,NA,569,1299,2,NA,NA,NA,NA,NA,NA,NA,NA,NA,NA
75-79 ans,NA,NA,NA,547,NA,505,1053,2,NA,NA,NA,NA,NA,NA,NA,NA,NA,NA
80-84 ans,NA,NA,NA,209,NA,176,385,2,NA,NA,NA,NA,NA,NA,NA,NA,NA,NA
85 ans &  +,NA,NA,NA,207,NA,223,430,2,NA,NA,NA,NA,NA,NA,NA,NA,NA,NA
ND,NA,NA,NA,277,NA,316,593,2,NA,NA,NA,NA,NA,NA,NA,NA,NA,NA
Total,NA,NA,NA,90820,NA,85816,176637,2,NA,NA,NA,NA,NA,NA,NA,NA,NA,NA
NA,NA,NA,NA,Masculin FÃ©minin,NA,NA,Total,2,,NA,NA,NA,NA,NA,NA,NA,NA,NA
NA,NA,NA,NA,,NA,NA,,2,dâ€™Ã¢ge,NA,NA,NA,NA,NA,NA,NA,NA,NA
NA,NA,NA,NA,14791 14731,NA,NA,29522,2,0-4 Ans,NA,NA,NA,NA,NA,NA,NA,NA,NA
NA,NA,NA,NA,12222 11643,NA,NA,23865,2,5-9 ans,NA,NA,NA,NA,NA,NA,NA,NA,NA
NA,NA,NA,NA,12967 12720,NA,NA,25687,2,10-14 ans,NA,NA,NA,NA,NA,NA,NA,NA,NA
NA,NA,NA,NA,14173 13821,NA,NA,27994,2,15-19 ans,NA,NA,NA,NA,NA,NA,NA,NA,NA
NA,NA,NA,NA,14862 15455,NA,NA,30317,2,20-24 ans,NA,NA,NA,NA,NA,NA,NA,NA,NA
NA,NA,NA,NA,13866 14388,NA,NA,28254,2,25-29 ans,NA,NA,NA,NA,NA,NA,NA,NA,NA
NA,NA,NA,NA,11265 11059,NA,NA,22324,2,30-34 ans,NA,NA,NA,NA,NA,NA,NA,NA,NA
NA,NA,NA,NA,9230 9181,NA,NA,18411,2,35-39 ans,NA,NA,NA,NA,NA,NA,NA,NA,NA
NA,NA,NA,NA,7654 7771,NA,NA,15425,2,40-44 ans,NA,NA,NA,NA,NA,NA,NA,NA,NA
NA,NA,NA,NA,6540 6211,NA,NA,12752,2,45-49 ans,NA,NA,NA,NA,NA,NA,NA,NA,NA
NA,NA,NA,NA,5383 5276,NA,NA,10660,2,50-54ans,NA,NA,NA,NA,NA,NA,NA,NA,NA
NA,NA,NA,NA,3721 3750,NA,NA,7471,2,55-59 ans,NA,NA,NA,NA,NA,NA,NA,NA,NA
NA,NA,NA,NA,2616 2524,NA,NA,5140,2,60-64 ans,NA,NA,NA,NA,NA,NA,NA,NA,NA
NA,NA,NA,NA,2261 2014,NA,NA,4276,2,65-69 ans,NA,NA,NA,NA,NA,NA,NA,NA,NA
NA,NA,NA,NA,1622 1637,NA,NA,3259,2,70-74 ans,NA,NA,NA,NA,NA,NA,NA,NA,NA
NA,NA,NA,NA,1172 1243,NA,NA,2415,2,75-79 ans,NA,NA,NA,NA,NA,NA,NA,NA,NA
NA,NA,NA,NA,663 633,NA,NA,1297,2,80-84 ans,NA,NA,NA,NA,NA,NA,NA,NA,NA
NA,NA,NA,NA,424 570,NA,NA,993,2,85 ans &  +,NA,NA,NA,NA,NA,NA,NA,NA,NA
NA,NA,NA,NA,2 0,NA,NA,2,2,ND,NA,NA,NA,NA,NA,NA,NA,NA,NA
NA,NA,NA,NA,135436 134626,NA,NA,270061,2,Total,NA,NA,NA,NA,NA,NA,NA,NA,NA
NA,NA,NA,NA,Bouira  (10),NA,NA,,2,,NA,NA,NA,NA,NA,NA,NA,NA,NA
NA,NA,NA,NA,FÃ©minin,NA,Total,NA,2,NA,Masculin,NA,NA,NA,NA,NA,NA,NA,NA
NA,NA,NA,NA,,NA,,NA,2,NA,e dâ€™Ã¢ge,NA,NA,NA,NA,NA,NA,NA,NA
NA,NA,NA,NA,30344,NA,62381,NA,2,NA,0-4 Ans 32037,NA,NA,NA,NA,NA,NA,NA,NA
NA,NA,NA,NA,26008,NA,53233,NA,2,NA,5-9 ans 27225,NA,NA,NA,NA,NA,NA,NA,NA
NA,NA,NA,NA,31059,NA,63450,NA,2,NA,10-14 ans 32391,NA,NA,NA,NA,NA,NA,NA,NA
NA,NA,NA,NA,37703,NA,76584,NA,2,NA,15-19 ans 38880,NA,NA,NA,NA,NA,NA,NA,NA
NA,NA,NA,NA,39952,NA,81853,NA,2,NA,20-24 ans 41900,NA,NA,NA,NA,NA,NA,NA,NA
NA,NA,NA,NA,37971,NA,77742,NA,2,NA,25-29 ans 39770,NA,NA,NA,NA,NA,NA,NA,NA
NA,NA,NA,NA,29867,NA,60963,NA,2,NA,30-34 ans 31096,NA,NA,NA,NA,NA,NA,NA,NA
NA,NA,NA,NA,24184,NA,48354,NA,2,NA,35-39 ans 24171,NA,NA,NA,NA,NA,NA,NA,NA
NA,NA,NA,NA,18988,NA,38296,NA,2,NA,40-44 ans 19308,NA,NA,NA,NA,NA,NA,NA,NA
NA,NA,NA,NA,15248,NA,30970,NA,2,NA,45-49 ans 15721,NA,NA,NA,NA,NA,NA,NA,NA
NA,NA,NA,NA,13491,NA,26852,NA,2,NA,50-54ans 13360,NA,NA,NA,NA,NA,NA,NA,NA
NA,NA,NA,NA,10250,NA,21040,NA,2,NA,55-59 ans 10790,NA,NA,NA,NA,NA,NA,NA,NA
NA,NA,NA,NA,7217,NA,14279,NA,2,NA,60-64 ans 7063,NA,NA,NA,NA,NA,NA,NA,NA
NA,NA,NA,NA,6476,NA,12840,NA,2,NA,65-69 ans 6363,NA,NA,NA,NA,NA,NA,NA,NA
NA,NA,NA,NA,5358,NA,10293,NA,2,NA,70-74 ans 4935,NA,NA,NA,NA,NA,NA,NA,NA
NA,NA,NA,NA,3925,NA,7820,NA,2,NA,75-79 ans 3896,NA,NA,NA,NA,NA,NA,NA,NA
NA,NA,NA,NA,2103,NA,4302,NA,2,NA,80-84 ans 2199,NA,NA,NA,NA,NA,NA,NA,NA
NA,NA,NA,NA,,NA,,NA,2,NA,85 ans &,NA,NA,NA,NA,NA,NA,NA,NA
NA,NA,NA,NA,1583,NA,,NA,2,NA,3274 + 1692,NA,NA,NA,NA,NA,NA,NA,NA
NA,NA,NA,NA,660,NA,1057,NA,2,NA,ND 397,NA,NA,NA,NA,NA,NA,NA,NA
NA,NA,NA,NA,342387,NA,695583,NA,2,NA,Total 353195,NA,NA,NA,NA,NA,NA,NA,NA
,NA,NA,NA,Ø§Ù„Ø°Ø¢ÙˆØ±,NA,Ø§Ù„Ø¥Ù†Ø§Ø«,Ø§Ù„Ù…Ø¬Ù…ÙˆØ¹,2,NA,NA,NA,NA,NA,NA,NA,NA,NA,NA
Groupe,NA,NA,NA,,NA,,,2,NA,NA,NA,NA,NA,NA,NA,NA,NA,NA
,NA,NA,NA,Masculin,NA,FÃ©minin,Total,2,NA,NA,NA,NA,NA,NA,NA,NA,NA,NA
dâ€™Ã¢ge,NA,NA,NA,,NA,,,2,NA,NA,NA,NA,NA,NA,NA,NA,NA,NA
0-4 Ans,NA,NA,NA,32387,NA,30071,62459,2,NA,NA,NA,NA,NA,NA,NA,NA,NA,NA
5-9 ans,NA,NA,NA,29479,NA,28456,57935,2,NA,NA,NA,NA,NA,NA,NA,NA,NA,NA
0-14 ans,NA,NA,NA,35243,NA,33909,69152,2,NA,NA,NA,NA,NA,NA,NA,NA,NA,NA
5-19 ans,NA,NA,NA,38870,NA,37314,76184,2,NA,NA,NA,NA,NA,NA,NA,NA,NA,NA
0-24 ans,NA,NA,NA,37145,NA,37694,74839,2,NA,NA,NA,NA,NA,NA,NA,NA,NA,NA
5-29 ans,NA,NA,NA,32116,NA,32132,64247,2,NA,NA,NA,NA,NA,NA,NA,NA,NA,NA
0-34 ans,NA,NA,NA,23709,NA,24430,48139,2,NA,NA,NA,NA,NA,NA,NA,NA,NA,NA
5-39 ans,NA,NA,NA,19309,NA,20522,39832,2,NA,NA,NA,NA,NA,NA,NA,NA,NA,NA
0-44 ans,NA,NA,NA,17938,NA,18680,36618,2,NA,NA,NA,NA,NA,NA,NA,NA,NA,NA
5-49 ans,NA,NA,NA,15502,NA,15901,31403,2,NA,NA,NA,NA,NA,NA,NA,NA,NA,NA
50-54ans,NA,NA,NA,12966,NA,13126,26092,2,NA,NA,NA,NA,NA,NA,NA,NA,NA,NA
5-59 ans,NA,NA,NA,9526,NA,8874,18400,2,NA,NA,NA,NA,NA,NA,NA,NA,NA,NA
0-64 ans,NA,NA,NA,5494,NA,5722,11216,2,NA,NA,NA,NA,NA,NA,NA,NA,NA,NA
5-69 ans,NA,NA,NA,5738,NA,5663,11401,2,NA,NA,NA,NA,NA,NA,NA,NA,NA,NA
0-74 ans,NA,NA,NA,4509,NA,4396,8905,2,NA,NA,NA,NA,NA,NA,NA,NA,NA,NA
5-79 ans,NA,NA,NA,3342,NA,3098,6441,2,NA,NA,NA,NA,NA,NA,NA,NA,NA,NA
0-84 ans,NA,NA,NA,1658,NA,1539,3198,2,NA,NA,NA,NA,NA,NA,NA,NA,NA,NA
ans &  +,NA,NA,NA,1093,NA,1006,2099,2,NA,NA,NA,NA,NA,NA,NA,NA,NA,NA
ND,NA,NA,NA,62,NA,82,144,2,NA,NA,NA,NA,NA,NA,NA,NA,NA,NA
Total,NA,NA,NA,326086,NA,322617,648703,2,NA,NA,NA,NA,NA,NA,NA,NA,NA,NA
,NA,NA,NA,Ø§Ù„Ø°Ø¢ÙˆØ±,NA,Ø§Ù„Ø¥Ù†Ø§Ø«,Ø§Ù„Ù…Ø¬Ù…ÙˆØ¹,3,NA,NA,NA,NA,NA,NA,NA,NA,NA,NA
Groupe,NA,NA,NA,,NA,,,3,NA,NA,NA,NA,NA,NA,NA,NA,NA,NA
,NA,NA,NA,Masculin,NA,FÃ©minin,Total,3,NA,NA,NA,NA,NA,NA,NA,NA,NA,NA
dâ€™Ã¢ge,NA,NA,NA,,NA,,,3,NA,NA,NA,NA,NA,NA,NA,NA,NA,NA
0-4 Ans,NA,NA,NA,45129,NA,43780,88909,3,NA,NA,NA,NA,NA,NA,NA,NA,NA,NA
5-9 ans,NA,NA,NA,37728,NA,36124,73852,3,NA,NA,NA,NA,NA,NA,NA,NA,NA,NA
10-14 ans,NA,NA,NA,42290,NA,41043,83333,3,NA,NA,NA,NA,NA,NA,NA,NA,NA,NA
15-19 ans,NA,NA,NA,43545,NA,42331,85876,3,NA,NA,NA,NA,NA,NA,NA,NA,NA,NA
20-24 ans,NA,NA,NA,48643,NA,46255,94898,3,NA,NA,NA,NA,NA,NA,NA,NA,NA,NA
25-29 ans,NA,NA,NA,49080,NA,45238,94319,3,NA,NA,NA,NA,NA,NA,NA,NA,NA,NA
30-34 ans,NA,NA,NA,41715,NA,38738,80453,3,NA,NA,NA,NA,NA,NA,NA,NA,NA,NA
35-39 ans,NA,NA,NA,35552,NA,34283,69835,3,NA,NA,NA,NA,NA,NA,NA,NA,NA,NA
40-44 ans,NA,NA,NA,31086,NA,30416,61501,3,NA,NA,NA,NA,NA,NA,NA,NA,NA,NA
45-49 ans,NA,NA,NA,24824,NA,24548,49372,3,NA,NA,NA,NA,NA,NA,NA,NA,NA,NA
50-54ans,NA,NA,NA,23419,NA,22289,45708,3,NA,NA,NA,NA,NA,NA,NA,NA,NA,NA
55-59 ans,NA,NA,NA,19227,NA,17461,36688,3,NA,NA,NA,NA,NA,NA,NA,NA,NA,NA
60-64 ans,NA,NA,NA,11990,NA,12170,24160,3,NA,NA,NA,NA,NA,NA,NA,NA,NA,NA
65-69 ans,NA,NA,NA,10357,NA,10767,21123,3,NA,NA,NA,NA,NA,NA,NA,NA,NA,NA
70-74 ans,NA,NA,NA,7544,NA,8849,16393,3,NA,NA,NA,NA,NA,NA,NA,NA,NA,NA
75-79 ans,NA,NA,NA,5115,NA,6360,11475,3,NA,NA,NA,NA,NA,NA,NA,NA,NA,NA
80-84 ans,NA,NA,NA,2820,NA,3510,6330,3,NA,NA,NA,NA,NA,NA,NA,NA,NA,NA
85 ans &  +,NA,NA,NA,2103,NA,2609,4712,3,NA,NA,NA,NA,NA,NA,NA,NA,NA,NA
ND,NA,NA,NA,196,NA,0,196,3,NA,NA,NA,NA,NA,NA,NA,NA,NA,NA
Total,NA,NA,NA,482364,NA,466771,949135,3,NA,NA,NA,NA,NA,NA,NA,NA,NA,NA
NA,NA,NA,NA,ÙØ¦Ø© Ø§Ù„Ø¹Ù…Ø±,NA,,NA,3,NA,NA,,NA,NA,NA,NA,NA,NA,NA
NA,NA,NA,NA,,NA,Ø§Ù„Ù…Ø¬Ù…ÙˆØ¹,NA,3,NA,NA,Ø§Ù„Ø¥Ù†Ø§Ø« Ø§Ù„Ø°Ø¢ÙˆØ±,NA,NA,NA,NA,NA,NA,NA
NA,NA,NA,NA,Groupe,NA,,NA,3,NA,NA,,NA,NA,NA,NA,NA,NA,NA
NA,NA,NA,NA,,NA,Total,NA,3,NA,NA,Masculin FÃ©minin,NA,NA,NA,NA,NA,NA,NA
NA,NA,NA,NA,dâ€™Ã¢ge,NA,,NA,3,NA,NA,,NA,NA,NA,NA,NA,NA,NA
NA,NA,NA,NA,0-4 Ans,NA,75161,NA,3,NA,NA,38549 36612,NA,NA,NA,NA,NA,NA,NA
NA,NA,NA,NA,5-9 ans,NA,69589,NA,3,NA,NA,35638 33951,NA,NA,NA,NA,NA,NA,NA
NA,NA,NA,NA,10-14 ans,NA,86117,NA,3,NA,NA,44039 42078,NA,NA,NA,NA,NA,NA,NA
NA,NA,NA,NA,15-19 ans,NA,110812,NA,3,NA,NA,56681 54131,NA,NA,NA,NA,NA,NA,NA
NA,NA,NA,NA,20-24 ans,NA,132936,NA,3,NA,NA,68230 64706,NA,NA,NA,NA,NA,NA,NA
NA,NA,NA,NA,25-29 ans,NA,129217,NA,3,NA,NA,67399 61819,NA,NA,NA,NA,NA,NA,NA
NA,NA,NA,NA,30-34 ans,NA,104827,NA,3,NA,NA,53656 51171,NA,NA,NA,NA,NA,NA,NA
NA,NA,NA,NA,35-39 ans,NA,86217,NA,3,NA,NA,43395 42822,NA,NA,NA,NA,NA,NA,NA
NA,NA,NA,NA,40-44 ans,NA,72914,NA,3,NA,NA,36230 36684,NA,NA,NA,NA,NA,NA,NA
NA,NA,NA,NA,45-49 ans,NA,47836,NA,3,NA,NA,23548 24288,NA,NA,NA,NA,NA,NA,NA
NA,NA,NA,NA,50-54ans,NA,49315,NA,3,NA,NA,24478 24837,NA,NA,NA,NA,NA,NA,NA
NA,NA,NA,NA,55-59 ans,NA,44570,NA,3,NA,NA,22199 22371,NA,NA,NA,NA,NA,NA,NA
NA,NA,NA,NA,60-64 ans,NA,30209,NA,3,NA,NA,14223 15986,NA,NA,NA,NA,NA,NA,NA
NA,NA,NA,NA,65-69 ans,NA,26413,NA,3,NA,NA,11752 14661,NA,NA,NA,NA,NA,NA,NA
NA,NA,NA,NA,70-74 ans,NA,21327,NA,3,NA,NA,8880 12447,NA,NA,NA,NA,NA,NA,NA
NA,NA,NA,NA,75-79 ans,NA,18283,NA,3,NA,NA,7459 10823,NA,NA,NA,NA,NA,NA,NA
NA,NA,NA,NA,80-84 ans,NA,11255,NA,3,NA,NA,4522 6734,NA,NA,NA,NA,NA,NA,NA
NA,NA,NA,NA,85 ans &  +,NA,8666,NA,3,NA,NA,3372 5294,NA,NA,NA,NA,NA,NA,NA
NA,NA,NA,NA,ND,NA,1941,NA,3,NA,NA,722 1220,NA,NA,NA,NA,NA,NA,NA
NA,NA,NA,NA,Total,NA,1127607,NA,3,NA,NA,564974 562633,NA,NA,NA,NA,NA,NA,NA
,NA,NA,NA,Ø§Ù„Ø°Ø¢ÙˆØ±,NA,Ø§Ù„Ø¥Ù†Ø§Ø«,Ø§Ù„Ù…Ø¬Ù…ÙˆØ¹,3,NA,NA,NA,NA,NA,NA,NA,NA,NA,NA
Groupe,NA,NA,NA,,NA,,,3,NA,NA,NA,NA,NA,NA,NA,NA,NA,NA
,NA,NA,NA,Masculin,NA,FÃ©minin,Total,3,NA,NA,NA,NA,NA,NA,NA,NA,NA,NA
dâ€™Ã¢ge,NA,NA,NA,,NA,,,3,NA,NA,NA,NA,NA,NA,NA,NA,NA,NA
0-4 Ans,NA,NA,NA,77739,NA,68265,146003,3,NA,NA,NA,NA,NA,NA,NA,NA,NA,NA
5-9 ans,NA,NA,NA,66468,NA,61452,127919,3,NA,NA,NA,NA,NA,NA,NA,NA,NA,NA
10-14 ans,NA,NA,NA,66550,NA,61870,128420,3,NA,NA,NA,NA,NA,NA,NA,NA,NA,NA
15-19 ans,NA,NA,NA,66949,NA,63298,130247,3,NA,NA,NA,NA,NA,NA,NA,NA,NA,NA
20-24 ans,NA,NA,NA,60162,NA,60718,120880,3,NA,NA,NA,NA,NA,NA,NA,NA,NA,NA
25-29 ans,NA,NA,NA,50862,NA,51065,101927,3,NA,NA,NA,NA,NA,NA,NA,NA,NA,NA
30-34 ans,NA,NA,NA,35652,NA,34358,70010,3,NA,NA,NA,NA,NA,NA,NA,NA,NA,NA
35-39 ans,NA,NA,NA,31531,NA,30839,62371,3,NA,NA,NA,NA,NA,NA,NA,NA,NA,NA
40-44 ans,NA,NA,NA,23778,NA,23704,47482,3,NA,NA,NA,NA,NA,NA,NA,NA,NA,NA
45-49 ans,NA,NA,NA,21072,NA,20841,41913,3,NA,NA,NA,NA,NA,NA,NA,NA,NA,NA
50-54ans,NA,NA,NA,14632,NA,14427,29059,3,NA,NA,NA,NA,NA,NA,NA,NA,NA,NA
55-59 ans,NA,NA,NA,13576,NA,12022,25598,3,NA,NA,NA,NA,NA,NA,NA,NA,NA,NA
60-64 ans,NA,NA,NA,8553,NA,7567,16120,3,NA,NA,NA,NA,NA,NA,NA,NA,NA,NA
65-69 ans,NA,NA,NA,8919,NA,7217,16136,3,NA,NA,NA,NA,NA,NA,NA,NA,NA,NA
70-74 ans,NA,NA,NA,6234,NA,5066,11301,3,NA,NA,NA,NA,NA,NA,NA,NA,NA,NA
75-79 ans,NA,NA,NA,4659,NA,3417,8076,3,NA,NA,NA,NA,NA,NA,NA,NA,NA,NA
80-84 ans,NA,NA,NA,2228,NA,1469,3697,3,NA,NA,NA,NA,NA,NA,NA,NA,NA,NA
85 ans &  +,NA,NA,NA,1910,NA,1445,3355,3,NA,NA,NA,NA,NA,NA,NA,NA,NA,NA
ND,NA,NA,NA,733,NA,937,1670,3,NA,NA,NA,NA,NA,NA,NA,NA,NA,NA
Total,NA,NA,NA,562207,NA,529977,1092184,3,NA,NA,NA,NA,NA,NA,NA,NA,NA,NA
,NA,NA,NA,Ø§Ù„Ø°Ø¢ÙˆØ±,NA,Ø§Ù„Ø¥Ù†Ø§Ø«,Ø§Ù„Ù…Ø¬Ù…ÙˆØ¹,3,NA,NA,NA,NA,NA,NA,NA,NA,NA,NA
Groupe,NA,NA,NA,,NA,,,3,NA,NA,NA,NA,NA,NA,NA,NA,NA,NA
,NA,NA,NA,Masculin,NA,FÃ©minin,Total,3,NA,NA,NA,NA,NA,NA,NA,NA,NA,NA
dâ€™Ã¢ge,NA,NA,NA,,NA,,,3,NA,NA,NA,NA,NA,NA,NA,NA,NA,NA
0-4 Ans,NA,NA,NA,45808,NA,43288,89096,3,NA,NA,NA,NA,NA,NA,NA,NA,NA,NA
5-9 ans,NA,NA,NA,38564,NA,37620,76185,3,NA,NA,NA,NA,NA,NA,NA,NA,NA,NA
10-14 ans,NA,NA,NA,44100,NA,42805,86905,3,NA,NA,NA,NA,NA,NA,NA,NA,NA,NA
15-19 ans,NA,NA,NA,47805,NA,46702,94507,3,NA,NA,NA,NA,NA,NA,NA,NA,NA,NA
20-24 ans,NA,NA,NA,46793,NA,46765,93558,3,NA,NA,NA,NA,NA,NA,NA,NA,NA,NA
25-29 ans,NA,NA,NA,42481,NA,42293,84774,3,NA,NA,NA,NA,NA,NA,NA,NA,NA,NA
30-34 ans,NA,NA,NA,32116,NA,32635,64752,3,NA,NA,NA,NA,NA,NA,NA,NA,NA,NA
35-39 ans,NA,NA,NA,27806,NA,28596,56402,3,NA,NA,NA,NA,NA,NA,NA,NA,NA,NA
40-44 ans,NA,NA,NA,23711,NA,24376,48088,3,NA,NA,NA,NA,NA,NA,NA,NA,NA,NA
45-49 ans,NA,NA,NA,19563,NA,19671,39234,3,NA,NA,NA,NA,NA,NA,NA,NA,NA,NA
50-54ans,NA,NA,NA,15900,NA,15051,30951,3,NA,NA,NA,NA,NA,NA,NA,NA,NA,NA
55-59 ans,NA,NA,NA,11763,NA,11361,23124,3,NA,NA,NA,NA,NA,NA,NA,NA,NA,NA
60-64 ans,NA,NA,NA,7449,NA,7446,14895,3,NA,NA,NA,NA,NA,NA,NA,NA,NA,NA
65-69 ans,NA,NA,NA,8145,NA,7171,15316,3,NA,NA,NA,NA,NA,NA,NA,NA,NA,NA
70-74 ans,NA,NA,NA,6431,NA,5796,12226,3,NA,NA,NA,NA,NA,NA,NA,NA,NA,NA
75-79 ans,NA,NA,NA,4933,NA,4139,9073,3,NA,NA,NA,NA,NA,NA,NA,NA,NA,NA
80-84 ans,NA,NA,NA,2300,NA,2045,4344,3,NA,NA,NA,NA,NA,NA,NA,NA,NA,NA
85 ans &  +,NA,NA,NA,1608,NA,1639,3248,3,NA,NA,NA,NA,NA,NA,NA,NA,NA,NA
ND,NA,NA,NA,82,NA,65,146,3,NA,NA,NA,NA,NA,NA,NA,NA,NA,NA
Total,NA,NA,NA,427358,NA,419465,846823,3,NA,NA,NA,NA,NA,NA,NA,NA,NA,NA
,NA,NA,NA,Ø§Ù„Ø°Ø¢ÙˆØ±,NA,Ø§Ù„Ø¥Ù†Ø§Ø«,Ø§Ù„Ù…Ø¬Ù…ÙˆØ¹,3,NA,NA,NA,NA,NA,NA,NA,NA,NA,NA
Groupe,NA,NA,NA,,NA,,,3,NA,NA,NA,NA,NA,NA,NA,NA,NA,NA
,NA,NA,NA,Masculin,NA,FÃ©minin,Total,3,NA,NA,NA,NA,NA,NA,NA,NA,NA,NA
dâ€™Ã¢ge,NA,NA,NA,,NA,,,3,NA,NA,NA,NA,NA,NA,NA,NA,NA,NA
0-4 Ans,NA,NA,NA,146656,NA,138304,28496,3,NA,NA,NA,NA,NA,NA,NA,NA,NA,NA
5-9 ans,NA,NA,NA,114818,NA,110294,22511,3,NA,NA,NA,NA,NA,NA,NA,NA,NA,NA
10-14 ans,NA,NA,NA,122211,NA,116655,23886,3,NA,NA,NA,NA,NA,NA,NA,NA,NA,NA
15-19 ans,NA,NA,NA,130532,NA,127020,25755,3,NA,NA,NA,NA,NA,NA,NA,NA,NA,NA
20-24 ans,NA,NA,NA,137304,NA,138372,27567,3,NA,NA,NA,NA,NA,NA,NA,NA,NA,NA
25-29 ans,NA,NA,NA,140152,NA,142229,28238,3,NA,NA,NA,NA,NA,NA,NA,NA,NA,NA
30-34 ans,NA,NA,NA,130469,NA,129815,26028,3,NA,NA,NA,NA,NA,NA,NA,NA,NA,NA
35-39 ans,NA,NA,NA,124341,NA,126600,25094,3,NA,NA,NA,NA,NA,NA,NA,NA,NA,NA
40-44 ans,NA,NA,NA,112399,NA,111490,22388,3,NA,NA,NA,NA,NA,NA,NA,NA,NA,NA
45-49 ans,NA,NA,NA,83929,NA,81948,16587,3,NA,NA,NA,NA,NA,NA,NA,NA,NA,NA
50-54ans,NA,NA,NA,68536,NA,66759,13529,3,NA,NA,NA,NA,NA,NA,NA,NA,NA,NA
55-59 ans,NA,NA,NA,55823,NA,54422,11024,3,NA,NA,NA,NA,NA,NA,NA,NA,NA,NA
60-64 ans,NA,NA,NA,36751,NA,40546,7729,3,NA,NA,NA,NA,NA,NA,NA,NA,NA,NA
65-69 ans,NA,NA,NA,32067,NA,34400,6646,3,NA,NA,NA,NA,NA,NA,NA,NA,NA,NA
70-74 ans,NA,NA,NA,26352,NA,28499,5485,3,NA,NA,NA,NA,NA,NA,NA,NA,NA,NA
75-79 ans,NA,NA,NA,18885,NA,19219,3810,3,NA,NA,NA,NA,NA,NA,NA,NA,NA,NA
80-84 ans,NA,NA,NA,9069,NA,9868,1893,3,NA,NA,NA,NA,NA,NA,NA,NA,NA,NA
5 ans &  +,NA,NA,NA,5905,NA,7514,1341,3,NA,NA,NA,NA,NA,NA,NA,NA,NA,NA
ND,NA,NA,NA,3602,NA,4391,799,3,NA,NA,NA,NA,NA,NA,NA,NA,NA,NA
Total,NA,NA,NA,1499800,NA,1488345,298814,3,NA,NA,NA,NA,NA,NA,NA,NA,NA,NA
,NA,NA,NA,Ø§Ù„Ø°Ø¢ÙˆØ±,NA,Ø§Ù„Ø¥Ù†Ø§Ø«,Ø§Ù„Ù…Ø¬Ù…ÙˆØ¹,3,NA,NA,NA,NA,NA,NA,NA,NA,NA,NA
Groupe,NA,NA,NA,,NA,,,3,NA,NA,NA,NA,NA,NA,NA,NA,NA,NA
,NA,NA,NA,Masculin,NA,FÃ©minin,Total,3,NA,NA,NA,NA,NA,NA,NA,NA,NA,NA
dâ€™Ã¢ge,NA,NA,NA,,NA,,,3,NA,NA,NA,NA,NA,NA,NA,NA,NA,NA
0-4 Ans,NA,NA,NA,28384,NA,26927,55311,3,NA,NA,NA,NA,NA,NA,NA,NA,NA,NA
5-9 ans,NA,NA,NA,26651,NA,25117,51768,3,NA,NA,NA,NA,NA,NA,NA,NA,NA,NA
0-14 ans,NA,NA,NA,32329,NA,31499,63828,3,NA,NA,NA,NA,NA,NA,NA,NA,NA,NA
5-19 ans,NA,NA,NA,39727,NA,38604,78331,3,NA,NA,NA,NA,NA,NA,NA,NA,NA,NA
0-24 ans,NA,NA,NA,39037,NA,38447,77484,3,NA,NA,NA,NA,NA,NA,NA,NA,NA,NA
5-29 ans,NA,NA,NA,32909,NA,31771,64680,3,NA,NA,NA,NA,NA,NA,NA,NA,NA,NA
0-34 ans,NA,NA,NA,24785,NA,24833,49618,3,NA,NA,NA,NA,NA,NA,NA,NA,NA,NA
5-39 ans,NA,NA,NA,19882,NA,20612,40494,3,NA,NA,NA,NA,NA,NA,NA,NA,NA,NA
0-44 ans,NA,NA,NA,17785,NA,17864,35649,3,NA,NA,NA,NA,NA,NA,NA,NA,NA,NA
5-49 ans,NA,NA,NA,13052,NA,13017,26069,3,NA,NA,NA,NA,NA,NA,NA,NA,NA,NA
50-54ans,NA,NA,NA,11183,NA,11293,22476,3,NA,NA,NA,NA,NA,NA,NA,NA,NA,NA
5-59 ans,NA,NA,NA,10622,NA,10307,20929,3,NA,NA,NA,NA,NA,NA,NA,NA,NA,NA
0-64 ans,NA,NA,NA,7196,NA,7184,14380,3,NA,NA,NA,NA,NA,NA,NA,NA,NA,NA
5-69 ans,NA,NA,NA,5692,NA,5987,11679,3,NA,NA,NA,NA,NA,NA,NA,NA,NA,NA
0-74 ans,NA,NA,NA,4523,NA,5211,9734,3,NA,NA,NA,NA,NA,NA,NA,NA,NA,NA
5-79 ans,NA,NA,NA,3805,NA,3961,7766,3,NA,NA,NA,NA,NA,NA,NA,NA,NA,NA
0-84 ans,NA,NA,NA,1954,NA,1990,3945,3,NA,NA,NA,NA,NA,NA,NA,NA,NA,NA
ans &  +,NA,NA,NA,1224,NA,1366,2590,3,NA,NA,NA,NA,NA,NA,NA,NA,NA,NA
ND,NA,NA,NA,79,NA,141,220,3,NA,NA,NA,NA,NA,NA,NA,NA,NA,NA
Total,NA,NA,NA,320820,NA,316128,636948,3,NA,NA,NA,NA,NA,NA,NA,NA,NA,NA
,NA,NA,NA,Ø§Ù„Ø°Ø¢ÙˆØ±,NA,Ø§Ù„Ø¥Ù†Ø§Ø«,Ø§Ù„Ù…Ø¬Ù…ÙˆØ¹,4,NA,NA,NA,NA,NA,NA,NA,NA,NA,NA
Groupe,NA,NA,NA,,NA,,,4,NA,NA,NA,NA,NA,NA,NA,NA,NA,NA
,NA,NA,NA,Masculin,NA,FÃ©minin,Total,4,NA,NA,NA,NA,NA,NA,NA,NA,NA,NA
dâ€™Ã¢ge,NA,NA,NA,,NA,,,4,NA,NA,NA,NA,NA,NA,NA,NA,NA,NA
0-4 Ans,NA,NA,NA,77222,NA,73297,150519,4,NA,NA,NA,NA,NA,NA,NA,NA,NA,NA
5-9 ans,NA,NA,NA,62700,NA,61217,123917,4,NA,NA,NA,NA,NA,NA,NA,NA,NA,NA
10-14 ans,NA,NA,NA,75101,NA,72249,147349,4,NA,NA,NA,NA,NA,NA,NA,NA,NA,NA
15-19 ans,NA,NA,NA,87369,NA,84269,171638,4,NA,NA,NA,NA,NA,NA,NA,NA,NA,NA
20-24 ans,NA,NA,NA,90392,NA,86466,176858,4,NA,NA,NA,NA,NA,NA,NA,NA,NA,NA
25-29 ans,NA,NA,NA,78193,NA,73823,152017,4,NA,NA,NA,NA,NA,NA,NA,NA,NA,NA
30-34 ans,NA,NA,NA,60731,NA,58867,119597,4,NA,NA,NA,NA,NA,NA,NA,NA,NA,NA
35-39 ans,NA,NA,NA,46734,NA,46805,93538,4,NA,NA,NA,NA,NA,NA,NA,NA,NA,NA
40-44 ans,NA,NA,NA,40396,NA,40728,81124,4,NA,NA,NA,NA,NA,NA,NA,NA,NA,NA
45-49 ans,NA,NA,NA,36017,NA,36252,72269,4,NA,NA,NA,NA,NA,NA,NA,NA,NA,NA
50-54ans,NA,NA,NA,28990,NA,27951,56941,4,NA,NA,NA,NA,NA,NA,NA,NA,NA,NA
55-59 ans,NA,NA,NA,22833,NA,21353,44185,4,NA,NA,NA,NA,NA,NA,NA,NA,NA,NA
60-64 ans,NA,NA,NA,13393,NA,13577,26969,4,NA,NA,NA,NA,NA,NA,NA,NA,NA,NA
65-69 ans,NA,NA,NA,11912,NA,12304,24215,4,NA,NA,NA,NA,NA,NA,NA,NA,NA,NA
70-74 ans,NA,NA,NA,10281,NA,10475,20756,4,NA,NA,NA,NA,NA,NA,NA,NA,NA,NA
75-79 ans,NA,NA,NA,7611,NA,7193,14804,4,NA,NA,NA,NA,NA,NA,NA,NA,NA,NA
80-84 ans,NA,NA,NA,3840,NA,3617,7457,4,NA,NA,NA,NA,NA,NA,NA,NA,NA,NA
85 ans &  +,NA,NA,NA,2479,NA,2610,5090,4,NA,NA,NA,NA,NA,NA,NA,NA,NA,NA
ND,NA,NA,NA,243,NA,495,737,4,NA,NA,NA,NA,NA,NA,NA,NA,NA,NA
Total,NA,NA,NA,756434,NA,733545,1489979,4,NA,NA,NA,NA,NA,NA,NA,NA,NA,NA
NA,NA,NA,NA,ÙØ¦Ø© Ø§Ù„Ø¹Ù…Ø±,NA,,NA,4,NA,NA,NA,,,NA,NA,NA,NA,NA
NA,NA,NA,NA,,NA,Ø§Ù„Ù…Ø¬Ù…ÙˆØ¹,NA,4,NA,NA,NA,Ø§Ù„Ø°Ø¢ÙˆØ±,Ø§Ù„Ø¥Ù†Ø§Ø«,NA,NA,NA,NA,NA
NA,NA,NA,NA,Groupe,NA,,NA,4,NA,NA,NA,,,NA,NA,NA,NA,NA
NA,NA,NA,NA,,NA,Total,NA,4,NA,NA,NA,Masculin,FÃ©minin,NA,NA,NA,NA,NA
NA,NA,NA,NA,dâ€™Ã¢ge,NA,,NA,4,NA,NA,NA,,,NA,NA,NA,NA,NA
NA,NA,NA,NA,0-4 Ans,NA,80264,NA,4,NA,NA,NA,40957,39308,NA,NA,NA,NA,NA
NA,NA,NA,NA,5-9 ans,NA,71983,NA,4,NA,NA,NA,36691,35292,NA,NA,NA,NA,NA
NA,NA,NA,NA,10-14 ans,NA,84597,NA,4,NA,NA,NA,43092,41505,NA,NA,NA,NA,NA
NA,NA,NA,NA,15-19 ans,NA,98021,NA,4,NA,NA,NA,49635,48385,NA,NA,NA,NA,NA
NA,NA,NA,NA,20-24 ans,NA,99534,NA,4,NA,NA,NA,49364,50170,NA,NA,NA,NA,NA
NA,NA,NA,NA,25-29 ans,NA,91542,NA,4,NA,NA,NA,46024,45518,NA,NA,NA,NA,NA
NA,NA,NA,NA,30-34 ans,NA,74750,NA,4,NA,NA,NA,37049,37700,NA,NA,NA,NA,NA
NA,NA,NA,NA,35-39 ans,NA,64306,NA,4,NA,NA,NA,31698,32608,NA,NA,NA,NA,NA
NA,NA,NA,NA,40-44 ans,NA,54164,NA,4,NA,NA,NA,27189,26975,NA,NA,NA,NA,NA
NA,NA,NA,NA,45-49 ans,NA,39101,NA,4,NA,NA,NA,19582,19519,NA,NA,NA,NA,NA
NA,NA,NA,NA,50-54ans,NA,36348,NA,4,NA,NA,NA,18574,17774,NA,NA,NA,NA,NA
NA,NA,NA,NA,55-59 ans,NA,29956,NA,4,NA,NA,NA,15576,14380,NA,NA,NA,NA,NA
NA,NA,NA,NA,60-64 ans,NA,22060,NA,4,NA,NA,NA,11319,10740,NA,NA,NA,NA,NA
NA,NA,NA,NA,65-69 ans,NA,17979,NA,4,NA,NA,NA,8849,9130,NA,NA,NA,NA,NA
NA,NA,NA,NA,70-74 ans,NA,13959,NA,4,NA,NA,NA,6837,7122,NA,NA,NA,NA,NA
NA,NA,NA,NA,75-79 ans,NA,10688,NA,4,NA,NA,NA,5306,5381,NA,NA,NA,NA,NA
NA,NA,NA,NA,80-84 ans,NA,5467,NA,4,NA,NA,NA,2773,2694,NA,NA,NA,NA,NA
NA,NA,NA,NA,85 ans &  +,NA,3504,NA,4,NA,NA,NA,1687,1817,NA,NA,NA,NA,NA
NA,NA,NA,NA,ND,NA,458,NA,4,NA,NA,NA,188,269,NA,NA,NA,NA,NA
NA,NA,NA,NA,Total,NA,898680,NA,4,NA,NA,NA,452392,446288,NA,NA,NA,NA,NA
,NA,NA,NA,Ø§Ù„Ø°Ø¢ÙˆØ±,NA,Ø§Ù„Ø¥Ù†Ø§Ø«,Ø§Ù„Ù…Ø¬Ù…ÙˆØ¹,4,NA,NA,NA,NA,NA,NA,NA,NA,NA,NA
Groupe,NA,NA,NA,,NA,,,4,NA,NA,NA,NA,NA,NA,NA,NA,NA,NA
,NA,NA,NA,Masculin,NA,FÃ©minin,Total,4,NA,NA,NA,NA,NA,NA,NA,NA,NA,NA
dâ€™Ã¢ge,NA,NA,NA,,NA,,,4,NA,NA,NA,NA,NA,NA,NA,NA,NA,NA
0-4 Ans,NA,NA,NA,26500,NA,24835,51335,4,NA,NA,NA,NA,NA,NA,NA,NA,NA,NA
5-9 ans,NA,NA,NA,22100,NA,20826,42926,4,NA,NA,NA,NA,NA,NA,NA,NA,NA,NA
10-14 ans,NA,NA,NA,25255,NA,24380,49635,4,NA,NA,NA,NA,NA,NA,NA,NA,NA,NA
15-19 ans,NA,NA,NA,28703,NA,27917,56621,4,NA,NA,NA,NA,NA,NA,NA,NA,NA,NA
20-24 ans,NA,NA,NA,29916,NA,30115,60031,4,NA,NA,NA,NA,NA,NA,NA,NA,NA,NA
25-29 ans,NA,NA,NA,30367,NA,30955,61323,4,NA,NA,NA,NA,NA,NA,NA,NA,NA,NA
30-34 ans,NA,NA,NA,27187,NA,27273,54459,4,NA,NA,NA,NA,NA,NA,NA,NA,NA,NA
35-39 ans,NA,NA,NA,23084,NA,24066,47150,4,NA,NA,NA,NA,NA,NA,NA,NA,NA,NA
40-44 ans,NA,NA,NA,20637,NA,21526,42163,4,NA,NA,NA,NA,NA,NA,NA,NA,NA,NA
45-49 ans,NA,NA,NA,17323,NA,17843,35166,4,NA,NA,NA,NA,NA,NA,NA,NA,NA,NA
50-54ans,NA,NA,NA,14860,NA,15154,30014,4,NA,NA,NA,NA,NA,NA,NA,NA,NA,NA
55-59 ans,NA,NA,NA,12835,NA,12068,24903,4,NA,NA,NA,NA,NA,NA,NA,NA,NA,NA
60-64 ans,NA,NA,NA,8167,NA,8309,16476,4,NA,NA,NA,NA,NA,NA,NA,NA,NA,NA
65-69 ans,NA,NA,NA,6366,NA,6851,13216,4,NA,NA,NA,NA,NA,NA,NA,NA,NA,NA
70-74 ans,NA,NA,NA,5126,NA,5256,10383,4,NA,NA,NA,NA,NA,NA,NA,NA,NA,NA
75-79 ans,NA,NA,NA,3579,NA,3670,7250,4,NA,NA,NA,NA,NA,NA,NA,NA,NA,NA
80-84 ans,NA,NA,NA,1876,NA,1933,3809,4,NA,NA,NA,NA,NA,NA,NA,NA,NA,NA
85 ans &  +,NA,NA,NA,1008,NA,1315,2323,4,NA,NA,NA,NA,NA,NA,NA,NA,NA,NA
ND,NA,NA,NA,141,NA,177,318,4,NA,NA,NA,NA,NA,NA,NA,NA,NA,NA
Total,NA,NA,NA,305030,NA,304469,609499,4,NA,NA,NA,NA,NA,NA,NA,NA,NA,NA
,NA,NA,NA,Ø§Ù„Ø°Ø¢ÙˆØ±,NA,Ø§Ù„Ø¥Ù†Ø§Ø«,Ø§Ù„Ù…Ø¬Ù…ÙˆØ¹,4,NA,NA,NA,NA,NA,NA,NA,NA,NA,NA
Groupe,NA,NA,NA,,NA,,,4,NA,NA,NA,NA,NA,NA,NA,NA,NA,NA
,NA,NA,NA,Masculin,NA,FÃ©minin,Total,4,NA,NA,NA,NA,NA,NA,NA,NA,NA,NA
dâ€™Ã¢ge,NA,NA,NA,,NA,,,4,NA,NA,NA,NA,NA,NA,NA,NA,NA,NA
0-4 Ans,NA,NA,NA,16838,NA,16358,33196,4,NA,NA,NA,NA,NA,NA,NA,NA,NA,NA
5-9 ans,NA,NA,NA,13761,NA,13414,27175,4,NA,NA,NA,NA,NA,NA,NA,NA,NA,NA
10-14 ans,NA,NA,NA,15268,NA,14877,30145,4,NA,NA,NA,NA,NA,NA,NA,NA,NA,NA
15-19 ans,NA,NA,NA,16811,NA,16164,32974,4,NA,NA,NA,NA,NA,NA,NA,NA,NA,NA
20-24 ans,NA,NA,NA,18348,NA,18424,36772,4,NA,NA,NA,NA,NA,NA,NA,NA,NA,NA
25-29 ans,NA,NA,NA,17679,NA,17452,35131,4,NA,NA,NA,NA,NA,NA,NA,NA,NA,NA
30-34 ans,NA,NA,NA,14957,NA,14661,29618,4,NA,NA,NA,NA,NA,NA,NA,NA,NA,NA
35-39 ans,NA,NA,NA,11980,NA,11794,23774,4,NA,NA,NA,NA,NA,NA,NA,NA,NA,NA
40-44 ans,NA,NA,NA,9678,NA,9855,19532,4,NA,NA,NA,NA,NA,NA,NA,NA,NA,NA
45-49 ans,NA,NA,NA,7275,NA,7569,14845,4,NA,NA,NA,NA,NA,NA,NA,NA,NA,NA
50-54ans,NA,NA,NA,6291,NA,6391,12682,4,NA,NA,NA,NA,NA,NA,NA,NA,NA,NA
55-59 ans,NA,NA,NA,5159,NA,4957,10116,4,NA,NA,NA,NA,NA,NA,NA,NA,NA,NA
60-64 ans,NA,NA,NA,3419,NA,3331,6750,4,NA,NA,NA,NA,NA,NA,NA,NA,NA,NA
65-69 ans,NA,NA,NA,3470,NA,3089,6559,4,NA,NA,NA,NA,NA,NA,NA,NA,NA,NA
70-74 ans,NA,NA,NA,2431,NA,2220,4651,4,NA,NA,NA,NA,NA,NA,NA,NA,NA,NA
75-79 ans,NA,NA,NA,1676,NA,1640,3317,4,NA,NA,NA,NA,NA,NA,NA,NA,NA,NA
80-84 ans,NA,NA,NA,875,NA,935,1810,4,NA,NA,NA,NA,NA,NA,NA,NA,NA,NA
85 ans &  +,NA,NA,NA,779,NA,781,1560,4,NA,NA,NA,NA,NA,NA,NA,NA,NA,NA
ND,NA,NA,NA,21,NA,14,36,4,NA,NA,NA,NA,NA,NA,NA,NA,NA,NA
Total,NA,NA,NA,166717,NA,163925,330641,4,NA,NA,NA,NA,NA,NA,NA,NA,NA,NA
,NA,NA,NA,Ø§Ù„Ø°Ø¢ÙˆØ±,NA,Ø§Ù„Ø¥Ù†Ø§Ø«,Ø§Ù„Ù…Ø¬Ù…ÙˆØ¹,4,NA,NA,NA,NA,NA,NA,NA,NA,NA,NA
Groupe,NA,NA,NA,,NA,,,4,NA,NA,NA,NA,NA,NA,NA,NA,NA,NA
,NA,NA,NA,Masculin,NA,FÃ©minin,Total,4,NA,NA,NA,NA,NA,NA,NA,NA,NA,NA
dâ€™Ã¢ge,NA,NA,NA,,NA,,,4,NA,NA,NA,NA,NA,NA,NA,NA,NA,NA
0-4 Ans,NA,NA,NA,29541,NA,28218,57759,4,NA,NA,NA,NA,NA,NA,NA,NA,NA,NA
5-9 ans,NA,NA,NA,23723,NA,22960,46682,4,NA,NA,NA,NA,NA,NA,NA,NA,NA,NA
10-14 ans,NA,NA,NA,26410,NA,25495,51904,4,NA,NA,NA,NA,NA,NA,NA,NA,NA,NA
15-19 ans,NA,NA,NA,27918,NA,26956,54874,4,NA,NA,NA,NA,NA,NA,NA,NA,NA,NA
20-24 ans,NA,NA,NA,31312,NA,30839,62151,4,NA,NA,NA,NA,NA,NA,NA,NA,NA,NA
25-29 ans,NA,NA,NA,31408,NA,30705,62113,4,NA,NA,NA,NA,NA,NA,NA,NA,NA,NA
30-34 ans,NA,NA,NA,26909,NA,26176,53085,4,NA,NA,NA,NA,NA,NA,NA,NA,NA,NA
35-39 ans,NA,NA,NA,22806,NA,22811,45617,4,NA,NA,NA,NA,NA,NA,NA,NA,NA,NA
40-44 ans,NA,NA,NA,19944,NA,20142,40086,4,NA,NA,NA,NA,NA,NA,NA,NA,NA,NA
45-49 ans,NA,NA,NA,15347,NA,15533,30880,4,NA,NA,NA,NA,NA,NA,NA,NA,NA,NA
50-54ans,NA,NA,NA,13697,NA,13078,26775,4,NA,NA,NA,NA,NA,NA,NA,NA,NA,NA
55-59 ans,NA,NA,NA,10529,NA,10122,20651,4,NA,NA,NA,NA,NA,NA,NA,NA,NA,NA
60-64 ans,NA,NA,NA,7198,NA,7289,14486,4,NA,NA,NA,NA,NA,NA,NA,NA,NA,NA
65-69 ans,NA,NA,NA,6636,NA,6823,13459,4,NA,NA,NA,NA,NA,NA,NA,NA,NA,NA
70-74 ans,NA,NA,NA,5143,NA,5299,10441,4,NA,NA,NA,NA,NA,NA,NA,NA,NA,NA
75-79 ans,NA,NA,NA,3464,NA,3569,7033,4,NA,NA,NA,NA,NA,NA,NA,NA,NA,NA
80-84 ans,NA,NA,NA,1769,NA,1936,3705,4,NA,NA,NA,NA,NA,NA,NA,NA,NA,NA
85 ans &  +,NA,NA,NA,1307,NA,1544,2852,4,NA,NA,NA,NA,NA,NA,NA,NA,NA,NA
ND,NA,NA,NA,69,NA,120,189,4,NA,NA,NA,NA,NA,NA,NA,NA,NA,NA
Total,NA,NA,NA,305130,NA,299614,604744,4,NA,NA,NA,NA,NA,NA,NA,NA,NA,NA
,NA,NA,NA,Ø§Ù„Ø°Ø¢ÙˆØ±,NA,Ø§Ù„Ø¥Ù†Ø§Ø«,Ø§Ù„Ù…Ø¬Ù…ÙˆØ¹,4,NA,NA,NA,NA,NA,NA,NA,NA,NA,NA
Groupe,NA,NA,NA,,NA,,,4,NA,NA,NA,NA,NA,NA,NA,NA,NA,NA
,NA,NA,NA,Masculin,NA,FÃ©minin,Total,4,NA,NA,NA,NA,NA,NA,NA,NA,NA,NA
dâ€™Ã¢ge,NA,NA,NA,,NA,,,4,NA,NA,NA,NA,NA,NA,NA,NA,NA,NA
0-4 Ans,NA,NA,NA,21593,NA,20730,42323,4,NA,NA,NA,NA,NA,NA,NA,NA,NA,NA
5-9 ans,NA,NA,NA,18678,NA,17786,36465,4,NA,NA,NA,NA,NA,NA,NA,NA,NA,NA
0-14 ans,NA,NA,NA,21384,NA,20991,42376,4,NA,NA,NA,NA,NA,NA,NA,NA,NA,NA
5-19 ans,NA,NA,NA,24878,NA,23909,48787,4,NA,NA,NA,NA,NA,NA,NA,NA,NA,NA
0-24 ans,NA,NA,NA,26019,NA,25954,51973,4,NA,NA,NA,NA,NA,NA,NA,NA,NA,NA
5-29 ans,NA,NA,NA,24822,NA,24545,49367,4,NA,NA,NA,NA,NA,NA,NA,NA,NA,NA
0-34 ans,NA,NA,NA,19635,NA,20155,39791,4,NA,NA,NA,NA,NA,NA,NA,NA,NA,NA
5-39 ans,NA,NA,NA,16550,NA,17208,33758,4,NA,NA,NA,NA,NA,NA,NA,NA,NA,NA
0-44 ans,NA,NA,NA,15092,NA,15269,30361,4,NA,NA,NA,NA,NA,NA,NA,NA,NA,NA
5-49 ans,NA,NA,NA,13300,NA,13821,27121,4,NA,NA,NA,NA,NA,NA,NA,NA,NA,NA
50-54ans,NA,NA,NA,11254,NA,10964,22218,4,NA,NA,NA,NA,NA,NA,NA,NA,NA,NA
5-59 ans,NA,NA,NA,9109,NA,8285,17395,4,NA,NA,NA,NA,NA,NA,NA,NA,NA,NA
0-64 ans,NA,NA,NA,5887,NA,5409,11296,4,NA,NA,NA,NA,NA,NA,NA,NA,NA,NA
5-69 ans,NA,NA,NA,4959,NA,5115,10074,4,NA,NA,NA,NA,NA,NA,NA,NA,NA,NA
0-74 ans,NA,NA,NA,3794,NA,4073,7866,4,NA,NA,NA,NA,NA,NA,NA,NA,NA,NA
5-79 ans,NA,NA,NA,2894,NA,2906,5800,4,NA,NA,NA,NA,NA,NA,NA,NA,NA,NA
0-84 ans,NA,NA,NA,1617,NA,1710,3327,4,NA,NA,NA,NA,NA,NA,NA,NA,NA,NA
ans &  +,NA,NA,NA,909,NA,1117,2026,4,NA,NA,NA,NA,NA,NA,NA,NA,NA,NA
ND,NA,NA,NA,55,NA,51,106,4,NA,NA,NA,NA,NA,NA,NA,NA,NA,NA
Total,NA,NA,NA,242430,NA,240001,482430,4,NA,NA,NA,NA,NA,NA,NA,NA,NA,NA
,NA,NA,NA,Ø§Ù„Ø°Ø¢ÙˆØ±,NA,Ø§Ù„Ø¥Ù†Ø§Ø«,Ø§Ù„Ù…Ø¬Ù…ÙˆØ¹,5,NA,NA,NA,NA,NA,NA,NA,NA,NA,NA
Groupe,NA,NA,NA,,NA,,,5,NA,NA,NA,NA,NA,NA,NA,NA,NA,NA
,NA,NA,NA,Masculin,NA,FÃ©minin,Total,5,NA,NA,NA,NA,NA,NA,NA,NA,NA,NA
dâ€™Ã¢ge,NA,NA,NA,,NA,,,5,NA,NA,NA,NA,NA,NA,NA,NA,NA,NA
0-4 Ans,NA,NA,NA,43862,NA,41930,85791,5,NA,NA,NA,NA,NA,NA,NA,NA,NA,NA
5-9 ans,NA,NA,NA,36055,NA,34848,70903,5,NA,NA,NA,NA,NA,NA,NA,NA,NA,NA
10-14 ans,NA,NA,NA,42780,NA,41143,83923,5,NA,NA,NA,NA,NA,NA,NA,NA,NA,NA
15-19 ans,NA,NA,NA,49507,NA,48115,97622,5,NA,NA,NA,NA,NA,NA,NA,NA,NA,NA
20-24 ans,NA,NA,NA,50811,NA,49706,100517,5,NA,NA,NA,NA,NA,NA,NA,NA,NA,NA
25-29 ans,NA,NA,NA,44551,NA,43905,88455,5,NA,NA,NA,NA,NA,NA,NA,NA,NA,NA
30-34 ans,NA,NA,NA,37003,NA,37162,74165,5,NA,NA,NA,NA,NA,NA,NA,NA,NA,NA
35-39 ans,NA,NA,NA,32518,NA,34339,66858,5,NA,NA,NA,NA,NA,NA,NA,NA,NA,NA
40-44 ans,NA,NA,NA,30502,NA,31358,61860,5,NA,NA,NA,NA,NA,NA,NA,NA,NA,NA
45-49 ans,NA,NA,NA,26015,NA,25578,51593,5,NA,NA,NA,NA,NA,NA,NA,NA,NA,NA
50-54ans,NA,NA,NA,22130,NA,21395,43525,5,NA,NA,NA,NA,NA,NA,NA,NA,NA,NA
55-59 ans,NA,NA,NA,16714,NA,16013,32727,5,NA,NA,NA,NA,NA,NA,NA,NA,NA,NA
60-64 ans,NA,NA,NA,10891,NA,11950,22841,5,NA,NA,NA,NA,NA,NA,NA,NA,NA,NA
65-69 ans,NA,NA,NA,9217,NA,10411,19629,5,NA,NA,NA,NA,NA,NA,NA,NA,NA,NA
70-74 ans,NA,NA,NA,7524,NA,8611,16135,5,NA,NA,NA,NA,NA,NA,NA,NA,NA,NA
75-79 ans,NA,NA,NA,5542,NA,6086,11628,5,NA,NA,NA,NA,NA,NA,NA,NA,NA,NA
80-84 ans,NA,NA,NA,2833,NA,3289,6122,5,NA,NA,NA,NA,NA,NA,NA,NA,NA,NA
85 ans &  +,NA,NA,NA,1667,NA,2135,3802,5,NA,NA,NA,NA,NA,NA,NA,NA,NA,NA
ND,NA,NA,NA,141,NA,237,378,5,NA,NA,NA,NA,NA,NA,NA,NA,NA,NA
Total,NA,NA,NA,470262,NA,468213,938475,5,NA,NA,NA,NA,NA,NA,NA,NA,NA,NA
NA,NA,NA,NA,ÙØ¦Ø© Ø§Ù„Ø¹Ù…Ø±,NA,NA,,5,NA,NA,NA,NA,NA,,NA,NA,NA,NA
NA,NA,NA,NA,,NA,NA,Ø§Ù„Ù…Ø¬Ù…ÙˆØ¹,5,NA,NA,NA,NA,NA,Ø§Ù„Ø¥Ù†Ø§Ø« Ø§Ù„Ø°Ø¢ÙˆØ±,NA,NA,NA,NA
NA,NA,NA,NA,Groupe,NA,NA,,5,NA,NA,NA,NA,NA,,NA,NA,NA,NA
NA,NA,NA,NA,,NA,NA,Total,5,NA,NA,NA,NA,NA,Masculin FÃ©minin,NA,NA,NA,NA
NA,NA,NA,NA,dâ€™Ã¢ge,NA,NA,,5,NA,NA,NA,NA,NA,,NA,NA,NA,NA
NA,NA,NA,NA,0-4 Ans,NA,NA,72771,5,NA,NA,NA,NA,NA,37060 35711,NA,NA,NA,NA
NA,NA,NA,NA,5-9 ans,NA,NA,62396,5,NA,NA,NA,NA,NA,31537 30859,NA,NA,NA,NA
NA,NA,NA,NA,10-14 ans,NA,NA,70121,5,NA,NA,NA,NA,NA,35559 34561,NA,NA,NA,NA
NA,NA,NA,NA,15-19 ans,NA,NA,79163,5,NA,NA,NA,NA,NA,39847 39317,NA,NA,NA,NA
NA,NA,NA,NA,20-24 ans,NA,NA,85987,5,NA,NA,NA,NA,NA,43027 42960,NA,NA,NA,NA
NA,NA,NA,NA,25-29 ans,NA,NA,77108,5,NA,NA,NA,NA,NA,38679 38429,NA,NA,NA,NA
NA,NA,NA,NA,30-34 ans,NA,NA,59496,5,NA,NA,NA,NA,NA,29626 29870,NA,NA,NA,NA
NA,NA,NA,NA,35-39 ans,NA,NA,49110,5,NA,NA,NA,NA,NA,24341 24769,NA,NA,NA,NA
NA,NA,NA,NA,40-44 ans,NA,NA,41958,5,NA,NA,NA,NA,NA,20935 21023,NA,NA,NA,NA
NA,NA,NA,NA,45-49 ans,NA,NA,36423,5,NA,NA,NA,NA,NA,18481 17942,NA,NA,NA,NA
NA,NA,NA,NA,50-54ans,NA,NA,29307,5,NA,NA,NA,NA,NA,14903 14404,NA,NA,NA,NA
NA,NA,NA,NA,55-59 ans,NA,NA,22266,5,NA,NA,NA,NA,NA,11603 10663,NA,NA,NA,NA
NA,NA,NA,NA,60-64 ans,NA,NA,15246,5,NA,NA,NA,NA,NA,7622 7625,NA,NA,NA,NA
NA,NA,NA,NA,65-69 ans,NA,NA,13276,5,NA,NA,NA,NA,NA,6467 6809,NA,NA,NA,NA
NA,NA,NA,NA,70-74 ans,NA,NA,10386,5,NA,NA,NA,NA,NA,4863 5523,NA,NA,NA,NA
NA,NA,NA,NA,75-79 ans,NA,NA,6852,5,NA,NA,NA,NA,NA,3190 3661,NA,NA,NA,NA
NA,NA,NA,NA,80-84 ans,NA,NA,2939,5,NA,NA,NA,NA,NA,1339 1600,NA,NA,NA,NA
NA,NA,NA,NA,85 ans &  +,NA,NA,2048,5,NA,NA,NA,NA,NA,833 1214,NA,NA,NA,NA
NA,NA,NA,NA,ND,NA,NA,267,5,NA,NA,NA,NA,NA,106 161,NA,NA,NA,NA
NA,NA,NA,NA,Total,NA,NA,737118,5,NA,NA,NA,NA,NA,370018 367100,NA,NA,NA,NA
,NA,NA,NA,Ø§Ù„Ø°Ø¢ÙˆØ±,NA,Ø§Ù„Ø¥Ù†Ø§Ø«,Ø§Ù„Ù…Ø¬Ù…ÙˆØ¹,5,NA,NA,NA,NA,NA,NA,NA,NA,NA,NA
Groupe,NA,NA,NA,,NA,,,5,NA,NA,NA,NA,NA,NA,NA,NA,NA,NA
,NA,NA,NA,Masculin,NA,FÃ©minin,Total,5,NA,NA,NA,NA,NA,NA,NA,NA,NA,NA
dâ€™Ã¢ge,NA,NA,NA,,NA,,,5,NA,NA,NA,NA,NA,NA,NA,NA,NA,NA
0-4 Ans,NA,NA,NA,41611,NA,39725,81336,5,NA,NA,NA,NA,NA,NA,NA,NA,NA,NA
5-9 ans,NA,NA,NA,33857,NA,32615,66472,5,NA,NA,NA,NA,NA,NA,NA,NA,NA,NA
10-14 ans,NA,NA,NA,36990,NA,36123,73113,5,NA,NA,NA,NA,NA,NA,NA,NA,NA,NA
15-19 ans,NA,NA,NA,38560,NA,37688,76248,5,NA,NA,NA,NA,NA,NA,NA,NA,NA,NA
20-24 ans,NA,NA,NA,42474,NA,41633,84107,5,NA,NA,NA,NA,NA,NA,NA,NA,NA,NA
25-29 ans,NA,NA,NA,41043,NA,38414,79457,5,NA,NA,NA,NA,NA,NA,NA,NA,NA,NA
30-34 ans,NA,NA,NA,34319,NA,31958,66277,5,NA,NA,NA,NA,NA,NA,NA,NA,NA,NA
35-39 ans,NA,NA,NA,28300,NA,27197,55497,5,NA,NA,NA,NA,NA,NA,NA,NA,NA,NA
40-44 ans,NA,NA,NA,23530,NA,22898,46427,5,NA,NA,NA,NA,NA,NA,NA,NA,NA,NA
45-49 ans,NA,NA,NA,18853,NA,18411,37264,5,NA,NA,NA,NA,NA,NA,NA,NA,NA,NA
50-54ans,NA,NA,NA,16312,NA,15577,31889,5,NA,NA,NA,NA,NA,NA,NA,NA,NA,NA
55-59 ans,NA,NA,NA,12968,NA,12301,25269,5,NA,NA,NA,NA,NA,NA,NA,NA,NA,NA
60-64 ans,NA,NA,NA,8728,NA,8726,17453,5,NA,NA,NA,NA,NA,NA,NA,NA,NA,NA
65-69 ans,NA,NA,NA,8073,NA,7749,15822,5,NA,NA,NA,NA,NA,NA,NA,NA,NA,NA
70-74 ans,NA,NA,NA,6056,NA,6104,12160,5,NA,NA,NA,NA,NA,NA,NA,NA,NA,NA
75-79 ans,NA,NA,NA,3815,NA,4117,7931,5,NA,NA,NA,NA,NA,NA,NA,NA,NA,NA
80-84 ans,NA,NA,NA,1746,NA,1926,3672,5,NA,NA,NA,NA,NA,NA,NA,NA,NA,NA
85 ans &  +,NA,NA,NA,1161,NA,1631,2792,5,NA,NA,NA,NA,NA,NA,NA,NA,NA,NA
ND,NA,NA,NA,370,NA,517,887,5,NA,NA,NA,NA,NA,NA,NA,NA,NA,NA
Total,NA,NA,NA,398767,NA,385306,784073,5,NA,NA,NA,NA,NA,NA,NA,NA,NA,NA
,NA,NA,NA,Ø§Ù„Ø°Ø¢ÙˆØ±,NA,Ø§Ù„Ø¥Ù†Ø§Ø«,Ø§Ù„Ù…Ø¬Ù…ÙˆØ¹,5,NA,NA,NA,NA,NA,NA,NA,NA,NA,NA
Groupe,NA,NA,NA,,NA,,,5,NA,NA,NA,NA,NA,NA,NA,NA,NA,NA
,NA,NA,NA,Masculin,NA,FÃ©minin,Total,5,NA,NA,NA,NA,NA,NA,NA,NA,NA,NA
dâ€™Ã¢ge,NA,NA,NA,,NA,,,5,NA,NA,NA,NA,NA,NA,NA,NA,NA,NA
0-4 Ans,NA,NA,NA,41401,NA,38815,80216,5,NA,NA,NA,NA,NA,NA,NA,NA,NA,NA
5-9 ans,NA,NA,NA,33539,NA,32054,65593,5,NA,NA,NA,NA,NA,NA,NA,NA,NA,NA
10-14 ans,NA,NA,NA,40638,NA,39044,79682,5,NA,NA,NA,NA,NA,NA,NA,NA,NA,NA
15-19 ans,NA,NA,NA,46915,NA,45579,92494,5,NA,NA,NA,NA,NA,NA,NA,NA,NA,NA
20-24 ans,NA,NA,NA,48156,NA,46734,94890,5,NA,NA,NA,NA,NA,NA,NA,NA,NA,NA
25-29 ans,NA,NA,NA,44599,NA,42859,87458,5,NA,NA,NA,NA,NA,NA,NA,NA,NA,NA
30-34 ans,NA,NA,NA,34700,NA,33493,68192,5,NA,NA,NA,NA,NA,NA,NA,NA,NA,NA
35-39 ans,NA,NA,NA,28322,NA,28692,57015,5,NA,NA,NA,NA,NA,NA,NA,NA,NA,NA
40-44 ans,NA,NA,NA,22487,NA,22280,44767,5,NA,NA,NA,NA,NA,NA,NA,NA,NA,NA
45-49 ans,NA,NA,NA,18643,NA,18530,37173,5,NA,NA,NA,NA,NA,NA,NA,NA,NA,NA
50-54ans,NA,NA,NA,15278,NA,14858,30136,5,NA,NA,NA,NA,NA,NA,NA,NA,NA,NA
55-59 ans,NA,NA,NA,11912,NA,10979,22891,5,NA,NA,NA,NA,NA,NA,NA,NA,NA,NA
60-64 ans,NA,NA,NA,8360,NA,7881,16241,5,NA,NA,NA,NA,NA,NA,NA,NA,NA,NA
65-69 ans,NA,NA,NA,7689,NA,7017,14706,5,NA,NA,NA,NA,NA,NA,NA,NA,NA,NA
70-74 ans,NA,NA,NA,5949,NA,5854,11803,5,NA,NA,NA,NA,NA,NA,NA,NA,NA,NA
75-79 ans,NA,NA,NA,4455,NA,3790,8245,5,NA,NA,NA,NA,NA,NA,NA,NA,NA,NA
80-84 ans,NA,NA,NA,2349,NA,1832,4181,5,NA,NA,NA,NA,NA,NA,NA,NA,NA,NA
85 ans &  +,NA,NA,NA,1679,NA,1394,3073,5,NA,NA,NA,NA,NA,NA,NA,NA,NA,NA
ND,NA,NA,NA,489,NA,688,1177,5,NA,NA,NA,NA,NA,NA,NA,NA,NA,NA
Total,NA,NA,NA,417559,NA,402373,819932,5,NA,NA,NA,NA,NA,NA,NA,NA,NA,NA
,NA,NA,NA,Ø§Ù„Ø°Ø¢ÙˆØ±,NA,Ø§Ù„Ø¥Ù†Ø§Ø«,Ø§Ù„Ù…Ø¬Ù…ÙˆØ¹,5,NA,NA,NA,NA,NA,NA,NA,NA,NA,NA
Groupe,NA,NA,NA,,NA,,,5,NA,NA,NA,NA,NA,NA,NA,NA,NA,NA
,NA,NA,NA,Masculin,NA,FÃ©minin,Total,5,NA,NA,NA,NA,NA,NA,NA,NA,NA,NA
dâ€™Ã¢ge,NA,NA,NA,,NA,,,5,NA,NA,NA,NA,NA,NA,NA,NA,NA,NA
0-4 Ans,NA,NA,NA,58420,NA,54954,113374,5,NA,NA,NA,NA,NA,NA,NA,NA,NA,NA
5-9 ans,NA,NA,NA,49175,NA,46926,96101,5,NA,NA,NA,NA,NA,NA,NA,NA,NA,NA
10-14 ans,NA,NA,NA,55151,NA,53279,108430,5,NA,NA,NA,NA,NA,NA,NA,NA,NA,NA
15-19 ans,NA,NA,NA,61004,NA,58547,119551,5,NA,NA,NA,NA,NA,NA,NA,NA,NA,NA
20-24 ans,NA,NA,NA,58986,NA,58195,117180,5,NA,NA,NA,NA,NA,NA,NA,NA,NA,NA
25-29 ans,NA,NA,NA,49919,NA,48674,98593,5,NA,NA,NA,NA,NA,NA,NA,NA,NA,NA
30-34 ans,NA,NA,NA,37614,NA,36628,74242,5,NA,NA,NA,NA,NA,NA,NA,NA,NA,NA
35-39 ans,NA,NA,NA,29463,NA,28798,58261,5,NA,NA,NA,NA,NA,NA,NA,NA,NA,NA
40-44 ans,NA,NA,NA,23504,NA,23358,46862,5,NA,NA,NA,NA,NA,NA,NA,NA,NA,NA
45-49 ans,NA,NA,NA,21352,NA,21045,42397,5,NA,NA,NA,NA,NA,NA,NA,NA,NA,NA
50-54ans,NA,NA,NA,16774,NA,16463,33237,5,NA,NA,NA,NA,NA,NA,NA,NA,NA,NA
55-59 ans,NA,NA,NA,12716,NA,11958,24674,5,NA,NA,NA,NA,NA,NA,NA,NA,NA,NA
60-64 ans,NA,NA,NA,7779,NA,7358,15137,5,NA,NA,NA,NA,NA,NA,NA,NA,NA,NA
65-69 ans,NA,NA,NA,7301,NA,6866,14167,5,NA,NA,NA,NA,NA,NA,NA,NA,NA,NA
70-74 ans,NA,NA,NA,6279,NA,5451,11730,5,NA,NA,NA,NA,NA,NA,NA,NA,NA,NA
75-79 ans,NA,NA,NA,4687,NA,3881,8568,5,NA,NA,NA,NA,NA,NA,NA,NA,NA,NA
80-84 ans,NA,NA,NA,2648,NA,1966,4614,5,NA,NA,NA,NA,NA,NA,NA,NA,NA,NA
85 ans &  +,NA,NA,NA,1852,NA,1462,3313,5,NA,NA,NA,NA,NA,NA,NA,NA,NA,NA
ND,NA,NA,NA,61,NA,98,159,5,NA,NA,NA,NA,NA,NA,NA,NA,NA,NA
Total,NA,NA,NA,504684,NA,485907,990591,5,NA,NA,NA,NA,NA,NA,NA,NA,NA,NA
,NA,NA,NA,Ø§Ù„Ø°Ø¢ÙˆØ±,NA,Ø§Ù„Ø¥Ù†Ø§Ø«,Ø§Ù„Ù…Ø¬Ù…ÙˆØ¹,5,NA,NA,NA,NA,NA,NA,NA,NA,NA,NA
Groupe,NA,NA,NA,,NA,,,5,NA,NA,NA,NA,NA,NA,NA,NA,NA,NA
,NA,NA,NA,Masculin,NA,FÃ©minin,Total,5,NA,NA,NA,NA,NA,NA,NA,NA,NA,NA
dâ€™Ã¢ge,NA,NA,NA,,NA,,,5,NA,NA,NA,NA,NA,NA,NA,NA,NA,NA
0-4 Ans,NA,NA,NA,35089,NA,33400,68490,5,NA,NA,NA,NA,NA,NA,NA,NA,NA,NA
5-9 ans,NA,NA,NA,30540,NA,29392,59932,5,NA,NA,NA,NA,NA,NA,NA,NA,NA,NA
0-14 ans,NA,NA,NA,32739,NA,31603,64342,5,NA,NA,NA,NA,NA,NA,NA,NA,NA,NA
5-19 ans,NA,NA,NA,33786,NA,32526,66311,5,NA,NA,NA,NA,NA,NA,NA,NA,NA,NA
0-24 ans,NA,NA,NA,31961,NA,31389,63350,5,NA,NA,NA,NA,NA,NA,NA,NA,NA,NA
5-29 ans,NA,NA,NA,27085,NA,27196,54282,5,NA,NA,NA,NA,NA,NA,NA,NA,NA,NA
0-34 ans,NA,NA,NA,19490,NA,19690,39181,5,NA,NA,NA,NA,NA,NA,NA,NA,NA,NA
5-39 ans,NA,NA,NA,16357,NA,16814,33171,5,NA,NA,NA,NA,NA,NA,NA,NA,NA,NA
0-44 ans,NA,NA,NA,13452,NA,13727,27179,5,NA,NA,NA,NA,NA,NA,NA,NA,NA,NA
5-49 ans,NA,NA,NA,11945,NA,11877,23821,5,NA,NA,NA,NA,NA,NA,NA,NA,NA,NA
50-54ans,NA,NA,NA,9234,NA,8238,17472,5,NA,NA,NA,NA,NA,NA,NA,NA,NA,NA
5-59 ans,NA,NA,NA,6287,NA,5317,11604,5,NA,NA,NA,NA,NA,NA,NA,NA,NA,NA
0-64 ans,NA,NA,NA,4387,NA,4111,8498,5,NA,NA,NA,NA,NA,NA,NA,NA,NA,NA
5-69 ans,NA,NA,NA,3716,NA,3331,7047,5,NA,NA,NA,NA,NA,NA,NA,NA,NA,NA
0-74 ans,NA,NA,NA,2906,NA,2411,5316,5,NA,NA,NA,NA,NA,NA,NA,NA,NA,NA
5-79 ans,NA,NA,NA,2110,NA,1756,3866,5,NA,NA,NA,NA,NA,NA,NA,NA,NA,NA
0-84 ans,NA,NA,NA,1063,NA,966,2030,5,NA,NA,NA,NA,NA,NA,NA,NA,NA,NA
ans &  +,NA,NA,NA,812,NA,902,1714,5,NA,NA,NA,NA,NA,NA,NA,NA,NA,NA
ND,NA,NA,NA,431,NA,521,953,5,NA,NA,NA,NA,NA,NA,NA,NA,NA,NA
Total,NA,NA,NA,283389,NA,275169,558558,5,NA,NA,NA,NA,NA,NA,NA,NA,NA,NA
,NA,NA,NA,Ø§Ù„Ø°Ø¢ÙˆØ±,NA,Ø§Ù„Ø¥Ù†Ø§Ø«,Ø§Ù„Ù…Ø¬Ù…ÙˆØ¹,6,NA,NA,NA,NA,NA,NA,NA,NA,NA,NA
Groupe,NA,NA,NA,,NA,,,6,NA,NA,NA,NA,NA,NA,NA,NA,NA,NA
,NA,NA,NA,Masculin,NA,FÃ©minin,Total,6,NA,NA,NA,NA,NA,NA,NA,NA,NA,NA
dâ€™Ã¢ge,NA,NA,NA,,NA,,,6,NA,NA,NA,NA,NA,NA,NA,NA,NA,NA
0-4 Ans,NA,NA,NA,72455,NA,69512,141966,6,NA,NA,NA,NA,NA,NA,NA,NA,NA,NA
5-9 ans,NA,NA,NA,59498,NA,57547,117045,6,NA,NA,NA,NA,NA,NA,NA,NA,NA,NA
10-14 ans,NA,NA,NA,64211,NA,62081,126292,6,NA,NA,NA,NA,NA,NA,NA,NA,NA,NA
15-19 ans,NA,NA,NA,66506,NA,65372,131878,6,NA,NA,NA,NA,NA,NA,NA,NA,NA,NA
20-24 ans,NA,NA,NA,72160,NA,73163,145323,6,NA,NA,NA,NA,NA,NA,NA,NA,NA,NA
25-29 ans,NA,NA,NA,70391,NA,70800,141190,6,NA,NA,NA,NA,NA,NA,NA,NA,NA,NA
30-34 ans,NA,NA,NA,62042,NA,62203,124245,6,NA,NA,NA,NA,NA,NA,NA,NA,NA,NA
35-39 ans,NA,NA,NA,55000,NA,55137,110137,6,NA,NA,NA,NA,NA,NA,NA,NA,NA,NA
40-44 ans,NA,NA,NA,49667,NA,50082,99749,6,NA,NA,NA,NA,NA,NA,NA,NA,NA,NA
45-49 ans,NA,NA,NA,39798,NA,40200,79998,6,NA,NA,NA,NA,NA,NA,NA,NA,NA,NA
50-54ans,NA,NA,NA,33154,NA,33092,66246,6,NA,NA,NA,NA,NA,NA,NA,NA,NA,NA
55-59 ans,NA,NA,NA,26840,NA,25573,52413,6,NA,NA,NA,NA,NA,NA,NA,NA,NA,NA
60-64 ans,NA,NA,NA,17251,NA,17832,35082,6,NA,NA,NA,NA,NA,NA,NA,NA,NA,NA
65-69 ans,NA,NA,NA,14806,NA,14745,29552,6,NA,NA,NA,NA,NA,NA,NA,NA,NA,NA
70-74 ans,NA,NA,NA,11187,NA,12288,23475,6,NA,NA,NA,NA,NA,NA,NA,NA,NA,NA
75-79 ans,NA,NA,NA,7035,NA,8269,15304,6,NA,NA,NA,NA,NA,NA,NA,NA,NA,NA
80-84 ans,NA,NA,NA,3230,NA,3974,7203,6,NA,NA,NA,NA,NA,NA,NA,NA,NA,NA
85 ans &  +,NA,NA,NA,1987,NA,3232,5219,6,NA,NA,NA,NA,NA,NA,NA,NA,NA,NA
ND,NA,NA,NA,1006,NA,754,1760,6,NA,NA,NA,NA,NA,NA,NA,NA,NA,NA
Total,NA,NA,NA,728221,NA,725857,1454078,6,NA,NA,NA,NA,NA,NA,NA,NA,NA,NA
NA,NA,NA,NA,ÙØ¦Ø© Ø§Ù„Ø¹Ù…Ø±,NA,,NA,6,NA,NA,NA,NA,NA,NA,,,NA,NA
NA,NA,NA,NA,,NA,Ø§Ù„Ù…Ø¬Ù…ÙˆØ¹,NA,6,NA,NA,NA,NA,NA,NA,Ø§Ù„Ø°Ø¢ÙˆØ±,Ø§Ù„Ø¥Ù†Ø§Ø«,NA,NA
NA,NA,NA,NA,Groupe,NA,,NA,6,NA,NA,NA,NA,NA,NA,,,NA,NA
NA,NA,NA,NA,,NA,Total,NA,6,NA,NA,NA,NA,NA,NA,Masculin,FÃ©minin,NA,NA
NA,NA,NA,NA,dâ€™Ã¢ge,NA,,NA,6,NA,NA,NA,NA,NA,NA,,,NA,NA
NA,NA,NA,NA,0-4 Ans,NA,7563,NA,6,NA,NA,NA,NA,NA,NA,3929,3634,NA,NA
NA,NA,NA,NA,5-9 ans,NA,6176,NA,6,NA,NA,NA,NA,NA,NA,3179,2997,NA,NA
NA,NA,NA,NA,10-14 ans,NA,5456,NA,6,NA,NA,NA,NA,NA,NA,2786,2670,NA,NA
NA,NA,NA,NA,15-19 ans,NA,5340,NA,6,NA,NA,NA,NA,NA,NA,2885,2455,NA,NA
NA,NA,NA,NA,20-24 ans,NA,5434,NA,6,NA,NA,NA,NA,NA,NA,2878,2556,NA,NA
NA,NA,NA,NA,25-29 ans,NA,5350,NA,6,NA,NA,NA,NA,NA,NA,2860,2490,NA,NA
NA,NA,NA,NA,30-34 ans,NA,4290,NA,6,NA,NA,NA,NA,NA,NA,2261,2030,NA,NA
NA,NA,NA,NA,35-39 ans,NA,3478,NA,6,NA,NA,NA,NA,NA,NA,2021,1456,NA,NA
NA,NA,NA,NA,40-44 ans,NA,2722,NA,6,NA,NA,NA,NA,NA,NA,1609,1114,NA,NA
NA,NA,NA,NA,45-49 ans,NA,2083,NA,6,NA,NA,NA,NA,NA,NA,1223,860,NA,NA
NA,NA,NA,NA,50-54ans,NA,1316,NA,6,NA,NA,NA,NA,NA,NA,761,555,NA,NA
NA,NA,NA,NA,55-59 ans,NA,893,NA,6,NA,NA,NA,NA,NA,NA,507,385,NA,NA
NA,NA,NA,NA,60-64 ans,NA,677,NA,6,NA,NA,NA,NA,NA,NA,395,282,NA,NA
NA,NA,NA,NA,65-69 ans,NA,548,NA,6,NA,NA,NA,NA,NA,NA,336,212,NA,NA
NA,NA,NA,NA,70-74 ans,NA,358,NA,6,NA,NA,NA,NA,NA,NA,227,132,NA,NA
NA,NA,NA,NA,75-79 ans,NA,253,NA,6,NA,NA,NA,NA,NA,NA,160,93,NA,NA
NA,NA,NA,NA,80-84 ans,NA,135,NA,6,NA,NA,NA,NA,NA,NA,80,55,NA,NA
NA,NA,NA,NA,85 ans &  +,NA,115,NA,6,NA,NA,NA,NA,NA,NA,60,55,NA,NA
NA,NA,NA,NA,ND,NA,145,NA,6,NA,NA,NA,NA,NA,NA,88,56,NA,NA
NA,NA,NA,NA,Total,NA,52333,NA,6,NA,NA,NA,NA,NA,NA,28244,24088,NA,NA
,NA,NA,NA,Ø§Ù„Ø°Ø¢ÙˆØ±,NA,Ø§Ù„Ø¥Ù†Ø§Ø«,Ø§Ù„Ù…Ø¬Ù…ÙˆØ¹,6,NA,NA,NA,NA,NA,NA,NA,NA,NA,NA
Groupe,NA,NA,NA,,NA,,,6,NA,NA,NA,NA,NA,NA,NA,NA,NA,NA
,NA,NA,NA,Masculin,NA,FÃ©minin,Total,6,NA,NA,NA,NA,NA,NA,NA,NA,NA,NA
dâ€™Ã¢ge,NA,NA,NA,,NA,,,6,NA,NA,NA,NA,NA,NA,NA,NA,NA,NA
0-4 Ans,NA,NA,NA,41044,NA,38798,79843,6,NA,NA,NA,NA,NA,NA,NA,NA,NA,NA
5-9 ans,NA,NA,NA,31081,NA,29771,60852,6,NA,NA,NA,NA,NA,NA,NA,NA,NA,NA
10-14 ans,NA,NA,NA,35308,NA,32875,68183,6,NA,NA,NA,NA,NA,NA,NA,NA,NA,NA
15-19 ans,NA,NA,NA,41870,NA,39564,81434,6,NA,NA,NA,NA,NA,NA,NA,NA,NA,NA
20-24 ans,NA,NA,NA,45756,NA,44157,89913,6,NA,NA,NA,NA,NA,NA,NA,NA,NA,NA
25-29 ans,NA,NA,NA,44117,NA,41437,85555,6,NA,NA,NA,NA,NA,NA,NA,NA,NA,NA
30-34 ans,NA,NA,NA,35806,NA,33284,69090,6,NA,NA,NA,NA,NA,NA,NA,NA,NA,NA
35-39 ans,NA,NA,NA,30571,NA,29186,59757,6,NA,NA,NA,NA,NA,NA,NA,NA,NA,NA
40-44 ans,NA,NA,NA,24849,NA,23726,48575,6,NA,NA,NA,NA,NA,NA,NA,NA,NA,NA
45-49 ans,NA,NA,NA,19561,NA,18069,37630,6,NA,NA,NA,NA,NA,NA,NA,NA,NA,NA
50-54ans,NA,NA,NA,17036,NA,15756,32792,6,NA,NA,NA,NA,NA,NA,NA,NA,NA,NA
55-59 ans,NA,NA,NA,13811,NA,12308,26120,6,NA,NA,NA,NA,NA,NA,NA,NA,NA,NA
60-64 ans,NA,NA,NA,9604,NA,9156,18759,6,NA,NA,NA,NA,NA,NA,NA,NA,NA,NA
65-69 ans,NA,NA,NA,7942,NA,7548,15490,6,NA,NA,NA,NA,NA,NA,NA,NA,NA,NA
70-74 ans,NA,NA,NA,5482,NA,5881,11364,6,NA,NA,NA,NA,NA,NA,NA,NA,NA,NA
75-79 ans,NA,NA,NA,3845,NA,4342,8187,6,NA,NA,NA,NA,NA,NA,NA,NA,NA,NA
80-84 ans,NA,NA,NA,2137,NA,2265,4403,6,NA,NA,NA,NA,NA,NA,NA,NA,NA,NA
85 ans &  +,NA,NA,NA,1344,NA,1677,3021,6,NA,NA,NA,NA,NA,NA,NA,NA,NA,NA
ND,NA,NA,NA,485,NA,632,1116,6,NA,NA,NA,NA,NA,NA,NA,NA,NA,NA
Total,NA,NA,NA,411650,NA,390433,802083,6,NA,NA,NA,NA,NA,NA,NA,NA,NA,NA
,NA,NA,NA,Ø§Ù„Ø°Ø¢ÙˆØ±,NA,Ø§Ù„Ø¥Ù†Ø§Ø«,Ø§Ù„Ù…Ø¬Ù…ÙˆØ¹,6,NA,NA,NA,NA,NA,NA,NA,NA,NA,NA
Groupe,NA,NA,NA,,NA,,,6,NA,NA,NA,NA,NA,NA,NA,NA,NA,NA
,NA,NA,NA,Masculin,NA,FÃ©minin,Total,6,NA,NA,NA,NA,NA,NA,NA,NA,NA,NA
dâ€™Ã¢ge,NA,NA,NA,,NA,,,6,NA,NA,NA,NA,NA,NA,NA,NA,NA,NA
0-4 Ans,NA,NA,NA,13505,NA,12852,26358,6,NA,NA,NA,NA,NA,NA,NA,NA,NA,NA
5-9 ans,NA,NA,NA,12108,NA,11390,23498,6,NA,NA,NA,NA,NA,NA,NA,NA,NA,NA
10-14 ans,NA,NA,NA,12291,NA,12060,24352,6,NA,NA,NA,NA,NA,NA,NA,NA,NA,NA
15-19 ans,NA,NA,NA,12134,NA,11659,23793,6,NA,NA,NA,NA,NA,NA,NA,NA,NA,NA
20-24 ans,NA,NA,NA,11739,NA,11907,23646,6,NA,NA,NA,NA,NA,NA,NA,NA,NA,NA
25-29 ans,NA,NA,NA,10800,NA,11087,21887,6,NA,NA,NA,NA,NA,NA,NA,NA,NA,NA
30-34 ans,NA,NA,NA,8947,NA,9376,18323,6,NA,NA,NA,NA,NA,NA,NA,NA,NA,NA
35-39 ans,NA,NA,NA,7706,NA,7778,15485,6,NA,NA,NA,NA,NA,NA,NA,NA,NA,NA
40-44 ans,NA,NA,NA,6350,NA,6257,12607,6,NA,NA,NA,NA,NA,NA,NA,NA,NA,NA
45-49 ans,NA,NA,NA,4637,NA,4388,9024,6,NA,NA,NA,NA,NA,NA,NA,NA,NA,NA
50-54ans,NA,NA,NA,3966,NA,3796,7762,6,NA,NA,NA,NA,NA,NA,NA,NA,NA,NA
55-59 ans,NA,NA,NA,3013,NA,2902,5915,6,NA,NA,NA,NA,NA,NA,NA,NA,NA,NA
60-64 ans,NA,NA,NA,1937,NA,1867,3804,6,NA,NA,NA,NA,NA,NA,NA,NA,NA,NA
65-69 ans,NA,NA,NA,2012,NA,1868,3881,6,NA,NA,NA,NA,NA,NA,NA,NA,NA,NA
70-74 ans,NA,NA,NA,1564,NA,1408,2973,6,NA,NA,NA,NA,NA,NA,NA,NA,NA,NA
75-79 ans,NA,NA,NA,1216,NA,1087,2304,6,NA,NA,NA,NA,NA,NA,NA,NA,NA,NA
80-84 ans,NA,NA,NA,718,NA,635,1353,6,NA,NA,NA,NA,NA,NA,NA,NA,NA,NA
85 ans &  +,NA,NA,NA,665,NA,713,1378,6,NA,NA,NA,NA,NA,NA,NA,NA,NA,NA
ND,NA,NA,NA,140,NA,142,282,6,NA,NA,NA,NA,NA,NA,NA,NA,NA,NA
Total,NA,NA,NA,115449,NA,113175,228624,6,NA,NA,NA,NA,NA,NA,NA,NA,NA,NA
,NA,NA,NA,Ø§Ù„Ø°Ø¢ÙˆØ±,NA,Ø§Ù„Ø¥Ù†Ø§Ø«,Ø§Ù„Ù…Ø¬Ù…ÙˆØ¹,6,NA,NA,NA,NA,NA,NA,NA,NA,NA,NA
Groupe,NA,NA,NA,,NA,,,6,NA,NA,NA,NA,NA,NA,NA,NA,NA,NA
,NA,NA,NA,Masculin,NA,FÃ©minin,Total,6,NA,NA,NA,NA,NA,NA,NA,NA,NA,NA
dâ€™Ã¢ge,NA,NA,NA,,NA,,,6,NA,NA,NA,NA,NA,NA,NA,NA,NA,NA
0-4 Ans,NA,NA,NA,33075,NA,31376,64451,6,NA,NA,NA,NA,NA,NA,NA,NA,NA,NA
5-9 ans,NA,NA,NA,27432,NA,26026,53458,6,NA,NA,NA,NA,NA,NA,NA,NA,NA,NA
10-14 ans,NA,NA,NA,32298,NA,31221,63519,6,NA,NA,NA,NA,NA,NA,NA,NA,NA,NA
15-19 ans,NA,NA,NA,37830,NA,36502,74332,6,NA,NA,NA,NA,NA,NA,NA,NA,NA,NA
20-24 ans,NA,NA,NA,38242,NA,36583,74825,6,NA,NA,NA,NA,NA,NA,NA,NA,NA,NA
25-29 ans,NA,NA,NA,33554,NA,31411,64965,6,NA,NA,NA,NA,NA,NA,NA,NA,NA,NA
30-34 ans,NA,NA,NA,24978,NA,23988,48966,6,NA,NA,NA,NA,NA,NA,NA,NA,NA,NA
35-39 ans,NA,NA,NA,19587,NA,19568,39155,6,NA,NA,NA,NA,NA,NA,NA,NA,NA,NA
40-44 ans,NA,NA,NA,16386,NA,15974,32360,6,NA,NA,NA,NA,NA,NA,NA,NA,NA,NA
45-49 ans,NA,NA,NA,14855,NA,13910,28765,6,NA,NA,NA,NA,NA,NA,NA,NA,NA,NA
50-54ans,NA,NA,NA,11517,NA,11043,22560,6,NA,NA,NA,NA,NA,NA,NA,NA,NA,NA
55-59 ans,NA,NA,NA,9441,NA,8756,18197,6,NA,NA,NA,NA,NA,NA,NA,NA,NA,NA
60-64 ans,NA,NA,NA,5484,NA,5515,10999,6,NA,NA,NA,NA,NA,NA,NA,NA,NA,NA
65-69 ans,NA,NA,NA,5115,NA,5117,10232,6,NA,NA,NA,NA,NA,NA,NA,NA,NA,NA
70-74 ans,NA,NA,NA,4516,NA,4545,9061,6,NA,NA,NA,NA,NA,NA,NA,NA,NA,NA
75-79 ans,NA,NA,NA,3375,NA,3275,6650,6,NA,NA,NA,NA,NA,NA,NA,NA,NA,NA
80-84 ans,NA,NA,NA,1833,NA,1615,3448,6,NA,NA,NA,NA,NA,NA,NA,NA,NA,NA
85 ans &  +,NA,NA,NA,1140,NA,1046,2186,6,NA,NA,NA,NA,NA,NA,NA,NA,NA,NA
ND,NA,NA,NA,128,NA,218,346,6,NA,NA,NA,NA,NA,NA,NA,NA,NA,NA
Total,NA,NA,NA,320786,NA,307689,628475,6,NA,NA,NA,NA,NA,NA,NA,NA,NA,NA
,NA,NA,NA,Ø§Ù„Ø°Ø¢ÙˆØ±,NA,Ø§Ù„Ø¥Ù†Ø§Ø«,Ø§Ù„Ù…Ø¬Ù…ÙˆØ¹,6,NA,NA,NA,NA,NA,NA,NA,NA,NA,NA
Groupe,NA,NA,NA,,NA,,,6,NA,NA,NA,NA,NA,NA,NA,NA,NA,NA
,NA,NA,NA,Masculin,NA,FÃ©minin,Total,6,NA,NA,NA,NA,NA,NA,NA,NA,NA,NA
dâ€™Ã¢ge,NA,NA,NA,,NA,,,6,NA,NA,NA,NA,NA,NA,NA,NA,NA,NA
0-4 Ans,NA,NA,NA,18486,NA,17353,35838,6,NA,NA,NA,NA,NA,NA,NA,NA,NA,NA
5-9 ans,NA,NA,NA,15752,NA,15059,30811,6,NA,NA,NA,NA,NA,NA,NA,NA,NA,NA
0-14 ans,NA,NA,NA,18182,NA,17617,35798,6,NA,NA,NA,NA,NA,NA,NA,NA,NA,NA
5-19 ans,NA,NA,NA,20252,NA,19785,40037,6,NA,NA,NA,NA,NA,NA,NA,NA,NA,NA
0-24 ans,NA,NA,NA,21056,NA,21539,42595,6,NA,NA,NA,NA,NA,NA,NA,NA,NA,NA
5-29 ans,NA,NA,NA,21450,NA,22224,43674,6,NA,NA,NA,NA,NA,NA,NA,NA,NA,NA
0-34 ans,NA,NA,NA,17615,NA,18980,36595,6,NA,NA,NA,NA,NA,NA,NA,NA,NA,NA
5-39 ans,NA,NA,NA,15068,NA,15596,30664,6,NA,NA,NA,NA,NA,NA,NA,NA,NA,NA
0-44 ans,NA,NA,NA,13153,NA,13696,26849,6,NA,NA,NA,NA,NA,NA,NA,NA,NA,NA
5-49 ans,NA,NA,NA,10745,NA,11128,21873,6,NA,NA,NA,NA,NA,NA,NA,NA,NA,NA
50-54ans,NA,NA,NA,8966,NA,8908,17873,6,NA,NA,NA,NA,NA,NA,NA,NA,NA,NA
5-59 ans,NA,NA,NA,6871,NA,6563,13434,6,NA,NA,NA,NA,NA,NA,NA,NA,NA,NA
0-64 ans,NA,NA,NA,4884,NA,4927,9811,6,NA,NA,NA,NA,NA,NA,NA,NA,NA,NA
5-69 ans,NA,NA,NA,3883,NA,3828,7712,6,NA,NA,NA,NA,NA,NA,NA,NA,NA,NA
0-74 ans,NA,NA,NA,3207,NA,3128,6335,6,NA,NA,NA,NA,NA,NA,NA,NA,NA,NA
5-79 ans,NA,NA,NA,2288,NA,2153,4440,6,NA,NA,NA,NA,NA,NA,NA,NA,NA,NA
0-84 ans,NA,NA,NA,1313,NA,1179,2493,6,NA,NA,NA,NA,NA,NA,NA,NA,NA,NA
ans &  +,NA,NA,NA,725,NA,762,1487,6,NA,NA,NA,NA,NA,NA,NA,NA,NA,NA
ND,NA,NA,NA,37,NA,55,93,6,NA,NA,NA,NA,NA,NA,NA,NA,NA,NA
Total,NA,NA,NA,203933,NA,204480,408414,6,NA,NA,NA,NA,NA,NA,NA,NA,NA,NA
,NA,NA,NA,Ø§Ù„Ø°Ø¢ÙˆØ±,NA,Ø§Ù„Ø¥Ù†Ø§Ø«,Ø§Ù„Ù…Ø¬Ù…ÙˆØ¹,7,NA,NA,NA,NA,NA,NA,NA,NA,NA,NA
Groupe,NA,NA,NA,,NA,,,7,NA,NA,NA,NA,NA,NA,NA,NA,NA,NA
,NA,NA,NA,Masculin,NA,FÃ©minin,Total,7,NA,NA,NA,NA,NA,NA,NA,NA,NA,NA
dâ€™Ã¢ge,NA,NA,NA,,NA,,,7,NA,NA,NA,NA,NA,NA,NA,NA,NA,NA
0-4 Ans,NA,NA,NA,3116,NA,3049,6166,7,NA,NA,NA,NA,NA,NA,NA,NA,NA,NA
5-9 ans,NA,NA,NA,2484,NA,2611,5094,7,NA,NA,NA,NA,NA,NA,NA,NA,NA,NA
10-14 ans,NA,NA,NA,2561,NA,2524,5086,7,NA,NA,NA,NA,NA,NA,NA,NA,NA,NA
15-19 ans,NA,NA,NA,2618,NA,2489,5108,7,NA,NA,NA,NA,NA,NA,NA,NA,NA,NA
20-24 ans,NA,NA,NA,2453,NA,2608,5061,7,NA,NA,NA,NA,NA,NA,NA,NA,NA,NA
25-29 ans,NA,NA,NA,2413,NA,2547,4960,7,NA,NA,NA,NA,NA,NA,NA,NA,NA,NA
30-34 ans,NA,NA,NA,1964,NA,1960,3923,7,NA,NA,NA,NA,NA,NA,NA,NA,NA,NA
35-39 ans,NA,NA,NA,1737,NA,1575,3312,7,NA,NA,NA,NA,NA,NA,NA,NA,NA,NA
40-44 ans,NA,NA,NA,1584,NA,1321,2905,7,NA,NA,NA,NA,NA,NA,NA,NA,NA,NA
45-49 ans,NA,NA,NA,1150,NA,1069,2219,7,NA,NA,NA,NA,NA,NA,NA,NA,NA,NA
50-54ans,NA,NA,NA,792,NA,740,1533,7,NA,NA,NA,NA,NA,NA,NA,NA,NA,NA
55-59 ans,NA,NA,NA,672,NA,638,1310,7,NA,NA,NA,NA,NA,NA,NA,NA,NA,NA
60-64 ans,NA,NA,NA,461,NA,346,807,7,NA,NA,NA,NA,NA,NA,NA,NA,NA,NA
65-69 ans,NA,NA,NA,364,NA,304,668,7,NA,NA,NA,NA,NA,NA,NA,NA,NA,NA
70-74 ans,NA,NA,NA,233,NA,144,377,7,NA,NA,NA,NA,NA,NA,NA,NA,NA,NA
75-79 ans,NA,NA,NA,174,NA,121,295,7,NA,NA,NA,NA,NA,NA,NA,NA,NA,NA
80-84 ans,NA,NA,NA,102,NA,57,159,7,NA,NA,NA,NA,NA,NA,NA,NA,NA,NA
85 ans &  +,NA,NA,NA,75,NA,49,124,7,NA,NA,NA,NA,NA,NA,NA,NA,NA,NA
ND,NA,NA,NA,42,NA,0,42,7,NA,NA,NA,NA,NA,NA,NA,NA,NA,NA
Total,NA,NA,NA,24996,NA,24153,49149,7,NA,NA,NA,NA,NA,NA,NA,NA,NA,NA
NA,NA,NA,NA,ÙØ¦Ø© Ø§Ù„Ø¹Ù…Ø±,NA,,NA,7,NA,NA,NA,NA,NA,NA,NA,NA,,NA
NA,NA,NA,NA,,NA,Ø§Ù„Ù…Ø¬Ù…ÙˆØ¹,NA,7,NA,NA,NA,NA,NA,NA,NA,NA,Ø§Ù„Ø¥Ù†Ø§Ø« Ø§Ù„Ø°Ø¢ÙˆØ±,NA
NA,NA,NA,NA,Groupe,NA,,NA,7,NA,NA,NA,NA,NA,NA,NA,NA,,NA
NA,NA,NA,NA,,NA,Total,NA,7,NA,NA,NA,NA,NA,NA,NA,NA,Masculin FÃ©minin,NA
NA,NA,NA,NA,dâ€™Ã¢ge,NA,,NA,7,NA,NA,NA,NA,NA,NA,NA,NA,,NA
NA,NA,NA,NA,0-4 Ans,NA,85873,NA,7,NA,NA,NA,NA,NA,NA,NA,NA,44197 41677,NA
NA,NA,NA,NA,5-9 ans,NA,72974,NA,7,NA,NA,NA,NA,NA,NA,NA,NA,37321 35653,NA
NA,NA,NA,NA,10-14 ans,NA,77227,NA,7,NA,NA,NA,NA,NA,NA,NA,NA,39479 37748,NA
NA,NA,NA,NA,15-19 ans,NA,80524,NA,7,NA,NA,NA,NA,NA,NA,NA,NA,40831 39694,NA
NA,NA,NA,NA,20-24 ans,NA,73102,NA,7,NA,NA,NA,NA,NA,NA,NA,NA,37154 35948,NA
NA,NA,NA,NA,25-29 ans,NA,59701,NA,7,NA,NA,NA,NA,NA,NA,NA,NA,30265 29436,NA
NA,NA,NA,NA,30-34 ans,NA,40789,NA,7,NA,NA,NA,NA,NA,NA,NA,NA,20564 20224,NA
NA,NA,NA,NA,35-39 ans,NA,35073,NA,7,NA,NA,NA,NA,NA,NA,NA,NA,17478 17595,NA
NA,NA,NA,NA,40-44 ans,NA,28921,NA,7,NA,NA,NA,NA,NA,NA,NA,NA,14501 14420,NA
NA,NA,NA,NA,45-49 ans,NA,24287,NA,7,NA,NA,NA,NA,NA,NA,NA,NA,12171 12116,NA
NA,NA,NA,NA,50-54ans,NA,18460,NA,7,NA,NA,NA,NA,NA,NA,NA,NA,9325 9136,NA
NA,NA,NA,NA,55-59 ans,NA,12894,NA,7,NA,NA,NA,NA,NA,NA,NA,NA,6546 6348,NA
NA,NA,NA,NA,60-64 ans,NA,9834,NA,7,NA,NA,NA,NA,NA,NA,NA,NA,4946 4888,NA
NA,NA,NA,NA,65-69 ans,NA,9041,NA,7,NA,NA,NA,NA,NA,NA,NA,NA,4605 4437,NA
NA,NA,NA,NA,70-74 ans,NA,6918,NA,7,NA,NA,NA,NA,NA,NA,NA,NA,3727 3191,NA
NA,NA,NA,NA,75-79 ans,NA,5644,NA,7,NA,NA,NA,NA,NA,NA,NA,NA,3201 2443,NA
NA,NA,NA,NA,80-84 ans,NA,2713,NA,7,NA,NA,NA,NA,NA,NA,NA,NA,1539 1175,NA
NA,NA,NA,NA,85 ans &  +,NA,2330,NA,7,NA,NA,NA,NA,NA,NA,NA,NA,1198 1132,NA
NA,NA,NA,NA,ND,NA,1241,NA,7,NA,NA,NA,NA,NA,NA,NA,NA,557 684,NA
NA,NA,NA,NA,Total,NA,647548,NA,7,NA,NA,NA,NA,NA,NA,NA,NA,329604 317944,NA
,NA,NA,NA,Ø§Ù„Ø°Ø¢ÙˆØ±,NA,Ø§Ù„Ø¥Ù†Ø§Ø«,Ø§Ù„Ù…Ø¬Ù…ÙˆØ¹,7,NA,NA,NA,NA,NA,NA,NA,NA,NA,NA
Groupe,NA,NA,NA,,NA,,,7,NA,NA,NA,NA,NA,NA,NA,NA,NA,NA
,NA,NA,NA,Masculin,NA,FÃ©minin,Total,7,NA,NA,NA,NA,NA,NA,NA,NA,NA,NA
dâ€™Ã¢ge,NA,NA,NA,,NA,,,7,NA,NA,NA,NA,NA,NA,NA,NA,NA,NA
0-4 Ans,NA,NA,NA,20746,NA,20008,40755,7,NA,NA,NA,NA,NA,NA,NA,NA,NA,NA
5-9 ans,NA,NA,NA,18044,NA,17236,35280,7,NA,NA,NA,NA,NA,NA,NA,NA,NA,NA
10-14 ans,NA,NA,NA,20788,NA,19745,40533,7,NA,NA,NA,NA,NA,NA,NA,NA,NA,NA
15-19 ans,NA,NA,NA,22427,NA,21867,44294,7,NA,NA,NA,NA,NA,NA,NA,NA,NA,NA
20-24 ans,NA,NA,NA,23909,NA,24732,48641,7,NA,NA,NA,NA,NA,NA,NA,NA,NA,NA
25-29 ans,NA,NA,NA,22630,NA,23488,46118,7,NA,NA,NA,NA,NA,NA,NA,NA,NA,NA
30-34 ans,NA,NA,NA,17022,NA,18064,35086,7,NA,NA,NA,NA,NA,NA,NA,NA,NA,NA
35-39 ans,NA,NA,NA,14854,NA,15511,30365,7,NA,NA,NA,NA,NA,NA,NA,NA,NA,NA
40-44 ans,NA,NA,NA,13061,NA,13292,26354,7,NA,NA,NA,NA,NA,NA,NA,NA,NA,NA
45-49 ans,NA,NA,NA,11473,NA,11414,22887,7,NA,NA,NA,NA,NA,NA,NA,NA,NA,NA
50-54ans,NA,NA,NA,9027,NA,9048,18075,7,NA,NA,NA,NA,NA,NA,NA,NA,NA,NA
55-59 ans,NA,NA,NA,7601,NA,7160,14761,7,NA,NA,NA,NA,NA,NA,NA,NA,NA,NA
60-64 ans,NA,NA,NA,4700,NA,4904,9604,7,NA,NA,NA,NA,NA,NA,NA,NA,NA,NA
65-69 ans,NA,NA,NA,4256,NA,4240,8497,7,NA,NA,NA,NA,NA,NA,NA,NA,NA,NA
70-74 ans,NA,NA,NA,3237,NA,3450,6687,7,NA,NA,NA,NA,NA,NA,NA,NA,NA,NA
75-79 ans,NA,NA,NA,2676,NA,2649,5325,7,NA,NA,NA,NA,NA,NA,NA,NA,NA,NA
80-84 ans,NA,NA,NA,1534,NA,1422,2956,7,NA,NA,NA,NA,NA,NA,NA,NA,NA,NA
85 ans &  +,NA,NA,NA,891,NA,922,1812,7,NA,NA,NA,NA,NA,NA,NA,NA,NA,NA
ND,NA,NA,NA,34,NA,62,96,7,NA,NA,NA,NA,NA,NA,NA,NA,NA,NA
Total,NA,NA,NA,218911,NA,219216,438127,7,NA,NA,NA,NA,NA,NA,NA,NA,NA,NA
,NA,NA,NA,Ø§Ù„Ø°Ø¢ÙˆØ±,NA,Ø§Ù„Ø¥Ù†Ø§Ø«,Ø§Ù„Ù…Ø¬Ù…ÙˆØ¹,7,NA,NA,NA,NA,NA,NA,NA,NA,NA,NA
Groupe,NA,NA,NA,,NA,,,7,NA,NA,NA,NA,NA,NA,NA,NA,NA,NA
,NA,NA,NA,Masculin,NA,FÃ©minin,Total,7,NA,NA,NA,NA,NA,NA,NA,NA,NA,NA
dâ€™Ã¢ge,NA,NA,NA,,NA,,,7,NA,NA,NA,NA,NA,NA,NA,NA,NA,NA
0-4 Ans,NA,NA,NA,14481,NA,13409,27889,7,NA,NA,NA,NA,NA,NA,NA,NA,NA,NA
5-9 ans,NA,NA,NA,13087,NA,12063,25150,7,NA,NA,NA,NA,NA,NA,NA,NA,NA,NA
10-14 ans,NA,NA,NA,15387,NA,14728,30115,7,NA,NA,NA,NA,NA,NA,NA,NA,NA,NA
15-19 ans,NA,NA,NA,18282,NA,17658,35940,7,NA,NA,NA,NA,NA,NA,NA,NA,NA,NA
20-24 ans,NA,NA,NA,18009,NA,17686,35695,7,NA,NA,NA,NA,NA,NA,NA,NA,NA,NA
25-29 ans,NA,NA,NA,15376,NA,14988,30364,7,NA,NA,NA,NA,NA,NA,NA,NA,NA,NA
30-34 ans,NA,NA,NA,11110,NA,11763,22872,7,NA,NA,NA,NA,NA,NA,NA,NA,NA,NA
35-39 ans,NA,NA,NA,9362,NA,9760,19122,7,NA,NA,NA,NA,NA,NA,NA,NA,NA,NA
40-44 ans,NA,NA,NA,8011,NA,8287,16298,7,NA,NA,NA,NA,NA,NA,NA,NA,NA,NA
45-49 ans,NA,NA,NA,5728,NA,5744,11471,7,NA,NA,NA,NA,NA,NA,NA,NA,NA,NA
50-54ans,NA,NA,NA,5294,NA,5104,10398,7,NA,NA,NA,NA,NA,NA,NA,NA,NA,NA
55-59 ans,NA,NA,NA,4295,NA,3964,8259,7,NA,NA,NA,NA,NA,NA,NA,NA,NA,NA
60-64 ans,NA,NA,NA,2863,NA,2639,5502,7,NA,NA,NA,NA,NA,NA,NA,NA,NA,NA
65-69 ans,NA,NA,NA,2731,NA,2471,5202,7,NA,NA,NA,NA,NA,NA,NA,NA,NA,NA
70-74 ans,NA,NA,NA,2278,NA,2012,4291,7,NA,NA,NA,NA,NA,NA,NA,NA,NA,NA
75-79 ans,NA,NA,NA,1701,NA,1502,3203,7,NA,NA,NA,NA,NA,NA,NA,NA,NA,NA
80-84 ans,NA,NA,NA,882,NA,688,1571,7,NA,NA,NA,NA,NA,NA,NA,NA,NA,NA
85 ans &  +,NA,NA,NA,530,NA,529,1060,7,NA,NA,NA,NA,NA,NA,NA,NA,NA,NA
ND,NA,NA,NA,27,NA,47,74,7,NA,NA,NA,NA,NA,NA,NA,NA,NA,NA
Total,NA,NA,NA,149434,NA,145042,294476,7,NA,NA,NA,NA,NA,NA,NA,NA,NA,NA
,NA,NA,NA,Ø§Ù„Ø°Ø¢ÙˆØ±,NA,Ø§Ù„Ø¥Ù†Ø§Ø«,Ø§Ù„Ù…Ø¬Ù…ÙˆØ¹,7,NA,NA,NA,NA,NA,NA,NA,NA,NA,NA
Groupe,NA,NA,NA,,NA,,,7,NA,NA,NA,NA,NA,NA,NA,NA,NA,NA
,NA,NA,NA,Masculin,NA,FÃ©minin,Total,7,NA,NA,NA,NA,NA,NA,NA,NA,NA,NA
dâ€™Ã¢ge,NA,NA,NA,,NA,,,7,NA,NA,NA,NA,NA,NA,NA,NA,NA,NA
0-4 Ans,NA,NA,NA,20143,NA,18757,38900,7,NA,NA,NA,NA,NA,NA,NA,NA,NA,NA
5-9 ans,NA,NA,NA,18261,NA,17350,35612,7,NA,NA,NA,NA,NA,NA,NA,NA,NA,NA
10-14 ans,NA,NA,NA,20531,NA,19801,40332,7,NA,NA,NA,NA,NA,NA,NA,NA,NA,NA
15-19 ans,NA,NA,NA,22193,NA,21238,43430,7,NA,NA,NA,NA,NA,NA,NA,NA,NA,NA
20-24 ans,NA,NA,NA,22221,NA,21599,43820,7,NA,NA,NA,NA,NA,NA,NA,NA,NA,NA
25-29 ans,NA,NA,NA,19271,NA,19213,38483,7,NA,NA,NA,NA,NA,NA,NA,NA,NA,NA
30-34 ans,NA,NA,NA,14489,NA,14857,29346,7,NA,NA,NA,NA,NA,NA,NA,NA,NA,NA
35-39 ans,NA,NA,NA,11759,NA,12314,24073,7,NA,NA,NA,NA,NA,NA,NA,NA,NA,NA
40-44 ans,NA,NA,NA,11073,NA,11092,22164,7,NA,NA,NA,NA,NA,NA,NA,NA,NA,NA
45-49 ans,NA,NA,NA,8503,NA,9020,17523,7,NA,NA,NA,NA,NA,NA,NA,NA,NA,NA
50-54ans,NA,NA,NA,7465,NA,7487,14952,7,NA,NA,NA,NA,NA,NA,NA,NA,NA,NA
55-59 ans,NA,NA,NA,6300,NA,5766,12066,7,NA,NA,NA,NA,NA,NA,NA,NA,NA,NA
60-64 ans,NA,NA,NA,3370,NA,3394,6764,7,NA,NA,NA,NA,NA,NA,NA,NA,NA,NA
65-69 ans,NA,NA,NA,3336,NA,3229,6565,7,NA,NA,NA,NA,NA,NA,NA,NA,NA,NA
70-74 ans,NA,NA,NA,2577,NA,2531,5108,7,NA,NA,NA,NA,NA,NA,NA,NA,NA,NA
75-79 ans,NA,NA,NA,2148,NA,1881,4030,7,NA,NA,NA,NA,NA,NA,NA,NA,NA,NA
80-84 ans,NA,NA,NA,1046,NA,918,1964,7,NA,NA,NA,NA,NA,NA,NA,NA,NA,NA
85 ans &  +,NA,NA,NA,754,NA,652,1406,7,NA,NA,NA,NA,NA,NA,NA,NA,NA,NA
ND,NA,NA,NA,62,NA,83,145,7,NA,NA,NA,NA,NA,NA,NA,NA,NA,NA
Total,NA,NA,NA,195502,NA,191182,386683,7,NA,NA,NA,NA,NA,NA,NA,NA,NA,NA
,NA,NA,NA,Ø§Ù„Ø°Ø¢ÙˆØ±,NA,Ø§Ù„Ø¥Ù†Ø§Ø«,Ø§Ù„Ù…Ø¬Ù…ÙˆØ¹,7,NA,NA,NA,NA,NA,NA,NA,NA,NA,NA
Groupe,NA,NA,NA,,NA,,,7,NA,NA,NA,NA,NA,NA,NA,NA,NA,NA
,NA,NA,NA,Masculin,NA,FÃ©minin,Total,7,NA,NA,NA,NA,NA,NA,NA,NA,NA,NA
dâ€™Ã¢ge,NA,NA,NA,,NA,,,7,NA,NA,NA,NA,NA,NA,NA,NA,NA,NA
0-4 Ans,NA,NA,NA,30051,NA,28453,58504,7,NA,NA,NA,NA,NA,NA,NA,NA,NA,NA
5-9 ans,NA,NA,NA,24237,NA,22980,47217,7,NA,NA,NA,NA,NA,NA,NA,NA,NA,NA
0-14 ans,NA,NA,NA,26917,NA,26032,52949,7,NA,NA,NA,NA,NA,NA,NA,NA,NA,NA
5-19 ans,NA,NA,NA,30649,NA,29831,60480,7,NA,NA,NA,NA,NA,NA,NA,NA,NA,NA
0-24 ans,NA,NA,NA,31552,NA,31366,62918,7,NA,NA,NA,NA,NA,NA,NA,NA,NA,NA
5-29 ans,NA,NA,NA,29398,NA,28922,58320,7,NA,NA,NA,NA,NA,NA,NA,NA,NA,NA
0-34 ans,NA,NA,NA,24492,NA,24623,49114,7,NA,NA,NA,NA,NA,NA,NA,NA,NA,NA
5-39 ans,NA,NA,NA,22328,NA,22227,44555,7,NA,NA,NA,NA,NA,NA,NA,NA,NA,NA
0-44 ans,NA,NA,NA,19686,NA,19692,39377,7,NA,NA,NA,NA,NA,NA,NA,NA,NA,NA
5-49 ans,NA,NA,NA,14420,NA,14061,28481,7,NA,NA,NA,NA,NA,NA,NA,NA,NA,NA
50-54ans,NA,NA,NA,12281,NA,11799,24080,7,NA,NA,NA,NA,NA,NA,NA,NA,NA,NA
5-59 ans,NA,NA,NA,9690,NA,8760,18450,7,NA,NA,NA,NA,NA,NA,NA,NA,NA,NA
0-64 ans,NA,NA,NA,6769,NA,6669,13438,7,NA,NA,NA,NA,NA,NA,NA,NA,NA,NA
5-69 ans,NA,NA,NA,5856,NA,5668,11524,7,NA,NA,NA,NA,NA,NA,NA,NA,NA,NA
0-74 ans,NA,NA,NA,4630,NA,4631,9261,7,NA,NA,NA,NA,NA,NA,NA,NA,NA,NA
5-79 ans,NA,NA,NA,3094,NA,3124,6218,7,NA,NA,NA,NA,NA,NA,NA,NA,NA,NA
0-84 ans,NA,NA,NA,1494,NA,1529,3023,7,NA,NA,NA,NA,NA,NA,NA,NA,NA,NA
ans &  +,NA,NA,NA,909,NA,1096,2005,7,NA,NA,NA,NA,NA,NA,NA,NA,NA,NA
ND,NA,NA,NA,433,NA,662,1094,7,NA,NA,NA,NA,NA,NA,NA,NA,NA,NA
Total,NA,NA,NA,298885,NA,292125,591010,7,NA,NA,NA,NA,NA,NA,NA,NA,NA,NA
,NA,NA,NA,Ø§Ù„Ø°Ø¢ÙˆØ±,NA,Ø§Ù„Ø¥Ù†Ø§Ø«,Ø§Ù„Ù…Ø¬Ù…ÙˆØ¹,8,NA,NA,NA,NA,NA,NA,NA,NA,NA,NA
Groupe,NA,NA,NA,,NA,,,8,NA,NA,NA,NA,NA,NA,NA,NA,NA,NA
,NA,NA,NA,Masculin,NA,FÃ©minin,Total,8,NA,NA,NA,NA,NA,NA,NA,NA,NA,NA
dâ€™Ã¢ge,NA,NA,NA,,NA,,,8,NA,NA,NA,NA,NA,NA,NA,NA,NA,NA
0-4 Ans,NA,NA,NA,37192,NA,35509,72701,8,NA,NA,NA,NA,NA,NA,NA,NA,NA,NA
5-9 ans,NA,NA,NA,32225,NA,31184,63409,8,NA,NA,NA,NA,NA,NA,NA,NA,NA,NA
10-14 ans,NA,NA,NA,40473,NA,38886,79360,8,NA,NA,NA,NA,NA,NA,NA,NA,NA,NA
15-19 ans,NA,NA,NA,46635,NA,45842,92477,8,NA,NA,NA,NA,NA,NA,NA,NA,NA,NA
20-24 ans,NA,NA,NA,45801,NA,44555,90357,8,NA,NA,NA,NA,NA,NA,NA,NA,NA,NA
25-29 ans,NA,NA,NA,37709,NA,36601,74309,8,NA,NA,NA,NA,NA,NA,NA,NA,NA,NA
30-34 ans,NA,NA,NA,28670,NA,28796,57466,8,NA,NA,NA,NA,NA,NA,NA,NA,NA,NA
35-39 ans,NA,NA,NA,22947,NA,23635,46582,8,NA,NA,NA,NA,NA,NA,NA,NA,NA,NA
40-44 ans,NA,NA,NA,21232,NA,21716,42948,8,NA,NA,NA,NA,NA,NA,NA,NA,NA,NA
45-49 ans,NA,NA,NA,18908,NA,19307,38215,8,NA,NA,NA,NA,NA,NA,NA,NA,NA,NA
50-54ans,NA,NA,NA,14836,NA,14891,29726,8,NA,NA,NA,NA,NA,NA,NA,NA,NA,NA
55-59 ans,NA,NA,NA,11829,NA,11356,23185,8,NA,NA,NA,NA,NA,NA,NA,NA,NA,NA
60-64 ans,NA,NA,NA,8274,NA,8284,16558,8,NA,NA,NA,NA,NA,NA,NA,NA,NA,NA
65-69 ans,NA,NA,NA,6768,NA,7108,13876,8,NA,NA,NA,NA,NA,NA,NA,NA,NA,NA
70-74 ans,NA,NA,NA,5756,NA,5432,11188,8,NA,NA,NA,NA,NA,NA,NA,NA,NA,NA
75-79 ans,NA,NA,NA,3847,NA,3712,7559,8,NA,NA,NA,NA,NA,NA,NA,NA,NA,NA
80-84 ans,NA,NA,NA,2095,NA,1955,4050,8,NA,NA,NA,NA,NA,NA,NA,NA,NA,NA
85 ans &  +,NA,NA,NA,1314,NA,1377,2691,8,NA,NA,NA,NA,NA,NA,NA,NA,NA,NA
ND,NA,NA,NA,79,NA,149,228,8,NA,NA,NA,NA,NA,NA,NA,NA,NA,NA
Total,NA,NA,NA,386591,NA,380295,766886,8,NA,NA,NA,NA,NA,NA,NA,NA,NA,NA
NA,NA,NA,NA,ÙØ¦Ø© Ø§Ù„Ø¹Ù…Ø±,NA,,NA,8,NA,NA,NA,NA,NA,NA,NA,NA,NA,
NA,NA,NA,NA,,NA,Ø§Ù„Ù…Ø¬Ù…ÙˆØ¹,NA,8,NA,NA,NA,NA,NA,NA,NA,NA,NA,Ø§Ù„Ø¥Ù†Ø§Ø« Ø§Ù„Ø°Ø¢ÙˆØ±
NA,NA,NA,NA,Groupe,NA,,NA,8,NA,NA,NA,NA,NA,NA,NA,NA,NA,
NA,NA,NA,NA,,NA,Total,NA,8,NA,NA,NA,NA,NA,NA,NA,NA,NA,Masculin FÃ©minin
NA,NA,NA,NA,dâ€™Ã¢ge,NA,,NA,8,NA,NA,NA,NA,NA,NA,NA,NA,NA,
NA,NA,NA,NA,0-4 Ans,NA,21753,NA,8,NA,NA,NA,NA,NA,NA,NA,NA,NA,11107 10645
NA,NA,NA,NA,5-9 ans,NA,18664,NA,8,NA,NA,NA,NA,NA,NA,NA,NA,NA,9507 9157
NA,NA,NA,NA,10-14 ans,NA,18752,NA,8,NA,NA,NA,NA,NA,NA,NA,NA,NA,9560 9193
NA,NA,NA,NA,15-19 ans,NA,19306,NA,8,NA,NA,NA,NA,NA,NA,NA,NA,NA,9807 9500
NA,NA,NA,NA,20-24 ans,NA,20336,NA,8,NA,NA,NA,NA,NA,NA,NA,NA,NA,10079 10257
NA,NA,NA,NA,25-29 ans,NA,19948,NA,8,NA,NA,NA,NA,NA,NA,NA,NA,NA,9912 10036
NA,NA,NA,NA,30-34 ans,NA,16626,NA,8,NA,NA,NA,NA,NA,NA,NA,NA,NA,8530 8096
NA,NA,NA,NA,35-39 ans,NA,13764,NA,8,NA,NA,NA,NA,NA,NA,NA,NA,NA,7079 6685
NA,NA,NA,NA,40-44 ans,NA,10721,NA,8,NA,NA,NA,NA,NA,NA,NA,NA,NA,5472 5249
NA,NA,NA,NA,45-49 ans,NA,7957,NA,8,NA,NA,NA,NA,NA,NA,NA,NA,NA,4139 3818
NA,NA,NA,NA,50-54ans,NA,7025,NA,8,NA,NA,NA,NA,NA,NA,NA,NA,NA,3541 3484
NA,NA,NA,NA,55-59 ans,NA,4675,NA,8,NA,NA,NA,NA,NA,NA,NA,NA,NA,2449 2225
NA,NA,NA,NA,60-64 ans,NA,3401,NA,8,NA,NA,NA,NA,NA,NA,NA,NA,NA,1745 1656
NA,NA,NA,NA,65-69 ans,NA,3696,NA,8,NA,NA,NA,NA,NA,NA,NA,NA,NA,2013 1683
NA,NA,NA,NA,70-74 ans,NA,2321,NA,8,NA,NA,NA,NA,NA,NA,NA,NA,NA,1177 1144
NA,NA,NA,NA,75-79 ans,NA,1816,NA,8,NA,NA,NA,NA,NA,NA,NA,NA,NA,996 820
NA,NA,NA,NA,80-84 ans,NA,1158,NA,8,NA,NA,NA,NA,NA,NA,NA,NA,NA,647 511
NA,NA,NA,NA,85 ans &  +,NA,840,NA,8,NA,NA,NA,NA,NA,NA,NA,NA,NA,469 371
NA,NA,NA,NA,ND,NA,132,NA,8,NA,NA,NA,NA,NA,NA,NA,NA,NA,71 62
NA,NA,NA,NA,Total,NA,192891,NA,8,NA,NA,NA,NA,NA,NA,NA,NA,NA,98299 94592
NA,NA,NA,NA,Masculin,NA,FÃ©minin,Total,8,,NA,NA,NA,NA,NA,NA,NA,NA,NA
NA,NA,NA,NA,,NA,,,8,dâ€™Ã¢ge,NA,NA,NA,NA,NA,NA,NA,NA,NA
NA,NA,NA,NA,23781,NA,22083,45864,8,0-4 ans,NA,NA,NA,NA,NA,NA,NA,NA,NA
NA,NA,NA,NA,20110,NA,19006,39116,8,5-9 ans,NA,NA,NA,NA,NA,NA,NA,NA,NA
NA,NA,NA,NA,20190,NA,19035,39226,8,10-14 ans,NA,NA,NA,NA,NA,NA,NA,NA,NA
NA,NA,NA,NA,19974,NA,19388,39362,8,15-19 ans,NA,NA,NA,NA,NA,NA,NA,NA,NA
NA,NA,NA,NA,18994,NA,18643,37637,8,20-24 ans,NA,NA,NA,NA,NA,NA,NA,NA,NA
NA,NA,NA,NA,16424,NA,16132,32556,8,25-29 ans,NA,NA,NA,NA,NA,NA,NA,NA,NA
NA,NA,NA,NA,13068,NA,13019,26087,8,30-34 ans,NA,NA,NA,NA,NA,NA,NA,NA,NA
NA,NA,NA,NA,11683,NA,11771,23454,8,35-39 ans,NA,NA,NA,NA,NA,NA,NA,NA,NA
NA,NA,NA,NA,10387,NA,10220,20607,8,40-44 ans,NA,NA,NA,NA,NA,NA,NA,NA,NA
NA,NA,NA,NA,8537,NA,8288,16824,8,45-49 ans,NA,NA,NA,NA,NA,NA,NA,NA,NA
NA,NA,NA,NA,5908,NA,5747,11655,8,50-54ans,NA,NA,NA,NA,NA,NA,NA,NA,NA
NA,NA,NA,NA,3864,NA,3802,7666,8,55-59 ans,NA,NA,NA,NA,NA,NA,NA,NA,NA
NA,NA,NA,NA,3151,NA,2970,6121,8,60-64 ans,NA,NA,NA,NA,NA,NA,NA,NA,NA
NA,NA,NA,NA,3001,NA,2859,5860,8,65-69 ans,NA,NA,NA,NA,NA,NA,NA,NA,NA
NA,NA,NA,NA,2575,NA,2267,4842,8,70-74 ans,NA,NA,NA,NA,NA,NA,NA,NA,NA
NA,NA,NA,NA,1746,NA,1376,3122,8,75-79 ans,NA,NA,NA,NA,NA,NA,NA,NA,NA
NA,NA,NA,NA,890,NA,683,1573,8,80-84 ans,NA,NA,NA,NA,NA,NA,NA,NA,NA
NA,NA,NA,NA,634,NA,686,1320,8,85 ans &  +,NA,NA,NA,NA,NA,NA,NA,NA,NA
NA,NA,NA,NA,292,NA,414,705,8,ND,NA,NA,NA,NA,NA,NA,NA,NA,NA
NA,NA,NA,NA,185209,NA,178390,363598,8,Total,NA,NA,NA,NA,NA,NA,NA,NA,NA
,NA,NA,NA,Ø§Ù„Ø°Ø¢ÙˆØ±,NA,Ø§Ù„Ø¥Ù†Ø§Ø«,Ø§Ù„Ù…Ø¬Ù…ÙˆØ¹,8,NA,NA,NA,NA,NA,NA,NA,NA,NA,NA
Groupe,NA,NA,NA,,NA,,,8,NA,NA,NA,NA,NA,NA,NA,NA,NA,NA
,NA,NA,NA,Masculin,NA,FÃ©minin,Total,8,NA,NA,NA,NA,NA,NA,NA,NA,NA,NA
dâ€™Ã¢ge,NA,NA,NA,,NA,,,8,NA,NA,NA,NA,NA,NA,NA,NA,NA,NA
0-4 Ans,NA,NA,NA,39759,NA,37861,77620,8,NA,NA,NA,NA,NA,NA,NA,NA,NA,NA
5-9 ans,NA,NA,NA,33635,NA,32113,65748,8,NA,NA,NA,NA,NA,NA,NA,NA,NA,NA
10-14 ans,NA,NA,NA,38932,NA,37133,76065,8,NA,NA,NA,NA,NA,NA,NA,NA,NA,NA
15-19 ans,NA,NA,NA,45513,NA,44241,89754,8,NA,NA,NA,NA,NA,NA,NA,NA,NA,NA
20-24 ans,NA,NA,NA,46201,NA,44819,91020,8,NA,NA,NA,NA,NA,NA,NA,NA,NA,NA
25-29 ans,NA,NA,NA,39608,NA,38256,77864,8,NA,NA,NA,NA,NA,NA,NA,NA,NA,NA
30-34 ans,NA,NA,NA,30155,NA,29544,59698,8,NA,NA,NA,NA,NA,NA,NA,NA,NA,NA
35-39 ans,NA,NA,NA,24744,NA,25320,50064,8,NA,NA,NA,NA,NA,NA,NA,NA,NA,NA
40-44 ans,NA,NA,NA,21147,NA,21353,42500,8,NA,NA,NA,NA,NA,NA,NA,NA,NA,NA
45-49 ans,NA,NA,NA,15661,NA,16253,31914,8,NA,NA,NA,NA,NA,NA,NA,NA,NA,NA
50-54ans,NA,NA,NA,14319,NA,13901,28220,8,NA,NA,NA,NA,NA,NA,NA,NA,NA,NA
55-59 ans,NA,NA,NA,11430,NA,10496,21925,8,NA,NA,NA,NA,NA,NA,NA,NA,NA,NA
60-64 ans,NA,NA,NA,7837,NA,7267,15104,8,NA,NA,NA,NA,NA,NA,NA,NA,NA,NA
65-69 ans,NA,NA,NA,7033,NA,6423,13456,8,NA,NA,NA,NA,NA,NA,NA,NA,NA,NA
70-74 ans,NA,NA,NA,5483,NA,5310,10793,8,NA,NA,NA,NA,NA,NA,NA,NA,NA,NA
75-79 ans,NA,NA,NA,3784,NA,3562,7346,8,NA,NA,NA,NA,NA,NA,NA,NA,NA,NA
80-84 ans,NA,NA,NA,1995,NA,1761,3755,8,NA,NA,NA,NA,NA,NA,NA,NA,NA,NA
85 ans &  +,NA,NA,NA,1197,NA,1216,2413,8,NA,NA,NA,NA,NA,NA,NA,NA,NA,NA
ND,NA,NA,NA,345,NA,409,754,8,NA,NA,NA,NA,NA,NA,NA,NA,NA,NA
Total,NA,NA,NA,388776,NA,377236,766013,8,NA,NA,NA,NA,NA,NA,NA,NA,NA,NA
,NA,NA,NA,Ø§Ù„Ø°Ø¢ÙˆØ±,NA,Ø§Ù„Ø¥Ù†Ø§Ø«,Ø§Ù„Ù…Ø¬Ù…ÙˆØ¹,8,NA,NA,NA,NA,NA,NA,NA,NA,NA,NA
Groupe,NA,NA,NA,,NA,,,8,NA,NA,NA,NA,NA,NA,NA,NA,NA,NA
,NA,NA,NA,Masculin,NA,FÃ©minin,Total,8,NA,NA,NA,NA,NA,NA,NA,NA,NA,NA
dâ€™Ã¢ge,NA,NA,NA,,NA,,,8,NA,NA,NA,NA,NA,NA,NA,NA,NA,NA
0-4 Ans,NA,NA,NA,17996,NA,17181,35177,8,NA,NA,NA,NA,NA,NA,NA,NA,NA,NA
5-9 ans,NA,NA,NA,14738,NA,14072,28810,8,NA,NA,NA,NA,NA,NA,NA,NA,NA,NA
10-14 ans,NA,NA,NA,15716,NA,15252,30969,8,NA,NA,NA,NA,NA,NA,NA,NA,NA,NA
15-19 ans,NA,NA,NA,16284,NA,16018,32303,8,NA,NA,NA,NA,NA,NA,NA,NA,NA,NA
20-24 ans,NA,NA,NA,17830,NA,17205,35035,8,NA,NA,NA,NA,NA,NA,NA,NA,NA,NA
25-29 ans,NA,NA,NA,18482,NA,18083,36565,8,NA,NA,NA,NA,NA,NA,NA,NA,NA,NA
30-34 ans,NA,NA,NA,16542,NA,16226,32768,8,NA,NA,NA,NA,NA,NA,NA,NA,NA,NA
35-39 ans,NA,NA,NA,14625,NA,14407,29031,8,NA,NA,NA,NA,NA,NA,NA,NA,NA,NA
40-44 ans,NA,NA,NA,13035,NA,13035,26070,8,NA,NA,NA,NA,NA,NA,NA,NA,NA,NA
45-49 ans,NA,NA,NA,10377,NA,9985,20362,8,NA,NA,NA,NA,NA,NA,NA,NA,NA,NA
50-54ans,NA,NA,NA,8862,NA,8444,17305,8,NA,NA,NA,NA,NA,NA,NA,NA,NA,NA
55-59 ans,NA,NA,NA,7154,NA,6641,13795,8,NA,NA,NA,NA,NA,NA,NA,NA,NA,NA
60-64 ans,NA,NA,NA,4788,NA,4861,9649,8,NA,NA,NA,NA,NA,NA,NA,NA,NA,NA
65-69 ans,NA,NA,NA,4112,NA,4158,8270,8,NA,NA,NA,NA,NA,NA,NA,NA,NA,NA
70-74 ans,NA,NA,NA,3286,NA,3407,6694,8,NA,NA,NA,NA,NA,NA,NA,NA,NA,NA
75-79 ans,NA,NA,NA,1921,NA,2300,4221,8,NA,NA,NA,NA,NA,NA,NA,NA,NA,NA
80-84 ans,NA,NA,NA,1059,NA,1245,2304,8,NA,NA,NA,NA,NA,NA,NA,NA,NA,NA
85 ans &  +,NA,NA,NA,618,NA,957,1575,8,NA,NA,NA,NA,NA,NA,NA,NA,NA,NA
ND,NA,NA,NA,177,NA,159,335,8,NA,NA,NA,NA,NA,NA,NA,NA,NA,NA
Total,NA,NA,NA,187603,NA,183636,371239,8,NA,NA,NA,NA,NA,NA,NA,NA,NA,NA
NA,NA,NA,NA,Masculin,NA,FÃ©minin,Total,8,,NA,NA,NA,NA,NA,NA,NA,NA,NA
NA,NA,NA,NA,,NA,,,8,dâ€™Ã¢ge,NA,NA,NA,NA,NA,NA,NA,NA,NA
NA,NA,NA,NA,36021,NA,34763,70784,8,0-4 ans,NA,NA,NA,NA,NA,NA,NA,NA,NA
NA,NA,NA,NA,30832,NA,29568,60400,8,5-9 ans,NA,NA,NA,NA,NA,NA,NA,NA,NA
NA,NA,NA,NA,35931,NA,34714,70645,8,0-14 ans,NA,NA,NA,NA,NA,NA,NA,NA,NA
NA,NA,NA,NA,41319,NA,40375,81694,8,5-19 ans,NA,NA,NA,NA,NA,NA,NA,NA,NA
NA,NA,NA,NA,44701,NA,43855,88556,8,0-24 ans,NA,NA,NA,NA,NA,NA,NA,NA,NA
NA,NA,NA,NA,38773,NA,37954,76727,8,5-29 ans,NA,NA,NA,NA,NA,NA,NA,NA,NA
NA,NA,NA,NA,28901,NA,29108,58009,8,0-34 ans,NA,NA,NA,NA,NA,NA,NA,NA,NA
NA,NA,NA,NA,22757,NA,23052,45809,8,5-39 ans,NA,NA,NA,NA,NA,NA,NA,NA,NA
NA,NA,NA,NA,19834,NA,20238,40072,8,0-44 ans,NA,NA,NA,NA,NA,NA,NA,NA,NA
NA,NA,NA,NA,16960,NA,17385,34345,8,5-49 ans,NA,NA,NA,NA,NA,NA,NA,NA,NA
NA,NA,NA,NA,14233,NA,13594,27827,8,50-54ans,NA,NA,NA,NA,NA,NA,NA,NA,NA
NA,NA,NA,NA,11124,NA,10545,21669,8,5-59 ans,NA,NA,NA,NA,NA,NA,NA,NA,NA
NA,NA,NA,NA,6389,NA,6484,12873,8,0-64 ans,NA,NA,NA,NA,NA,NA,NA,NA,NA
NA,NA,NA,NA,6239,NA,6191,12431,8,5-69 ans,NA,NA,NA,NA,NA,NA,NA,NA,NA
NA,NA,NA,NA,5620,NA,5426,11046,8,0-74 ans,NA,NA,NA,NA,NA,NA,NA,NA,NA
NA,NA,NA,NA,3782,NA,3548,7330,8,5-79 ans,NA,NA,NA,NA,NA,NA,NA,NA,NA
NA,NA,NA,NA,1661,NA,1614,3276,8,0-84 ans,NA,NA,NA,NA,NA,NA,NA,NA,NA
NA,NA,NA,NA,1078,NA,1243,2321,8,ans &  +,NA,NA,NA,NA,NA,NA,NA,NA,NA
NA,NA,NA,NA,146,NA,222,367,8,ND,NA,NA,NA,NA,NA,NA,NA,NA,NA
NA,NA,NA,NA,366301,NA,359879,726180,8,Total,NA,NA,NA,NA,NA,NA,NA,NA,NA
